pf,15089,"CRT","TRUE",identical,sk15,sk15,,,<--,243, BFO-tab-1, mtp, 248, 252, 12131
pf,14884,"CRT","FALSE",'occupies-spatiotemporal-region',p,sk12,,,<--,523, BFO-cur-1, mtt, 12326, 85
pf,14883,"CRT","FALSE",'temporally-projects-onto',sk3,t1,,,<--,523, BFO-cur-1, mtt, 12326, 27
pf,14882,"CRT","FALSE",'exists-throughout',p,t1,,,<--,31, BFOCE-ett-03, mtt, 12326, 12
pf,14881,"CRT","FALSE",'instance-of',sk1,'spatiotemporal-region',sk119,,<--,863, BFO-mem-1, mpt, 11432
pf,14880,"CRT","FALSE",'instance-of',sk1,'temporal-region',sk119,,<--,865, BFO-mem-1, mpt, 11432
pf,14879,"CRT","FALSE",'instance-of',sk1,'spatiotemporal-region',sk28,,<--,863, BFO-mem-1, mpt, 14877
pf,14878,"CRT","FALSE",'instance-of',sk1,'temporal-region',sk28,,<--,865, BFO-mem-1, mpt, 14877
pf,14877,"CRT","TRUE",'instance-of',sk1,'process-boundary',sk28,,<--,850, BFO-ayr-1, mpp, 837, 837, 11432
pf,14855,"CRT","FALSE",'temporally-projects-onto',t1,sk215,,,<--,-41, rapa, rapa
pf,14817,"CRT","FALSE",'specifically-depends-on',sk13,sk30,,,<--,-41, rapa, rapa
pf,14783,"CRT","FALSE",'specifically-depends-on',sk15,sk38,,,<--,-41, rapa, rapa
pf,12611,"CRT","FALSE",'occupies-temporal-region',p,sk11,,,<--,-41, rapa, rapa
pf,12326,"CRT","FALSE",'occupies-temporal-region',p,t1,,,<--,-41, rapa, rapa
pf,12305,"CRT","FALSE",'loses-type',sk11,occurrent,t,,<--,-41, rapa, rapa
pf,12131,"CRT","FALSE",'instance-of',sk15,'object-aggregate',sk14,,<--,-41, rapa, rapa
pf,11432,"CRT","TRUE",'instance-of',sk1,'process-boundary',sk119,,<--,-40, rana, rana
pf,11428,"CRT","FALSE",'instance-of',sk1,process,sk28,,<--,-41, rapa, rapa
pf,11424,"CRT","FALSE",'instance-of',sk1,process,sk119,,<--,-41, rapa, rapa
pf,10917,"CRT","FALSE",'generically-depends-on',sk13,sk30,sk31,,<--,-41, rapa, rapa
pf,10823,"CRT","FALSE",'generically-depends-on',sk15,sk38,sk39,,<--,-41, rapa, rapa
pf,9957,"CRT","FALSE",'instance-of',p,continuant,sk28,,<--,798, BFO-wrf-1, mpt, 6849
pf,9956,"CRT","FALSE",'instance-of',p,continuant,sk119,,<--,798, BFO-wrf-1, mpt, 7374
pf,7374,"CRT","TRUE",'instance-of',p,occurrent,sk119,,<--,103, BFOCE-ins-03, rana, 6498, 6509
pf,6849,"CRT","TRUE",'instance-of',p,occurrent,sk28,,<--,103, BFOCE-ins-03, rana, 6509, 6511
pf,6646,"CRT","FALSE",'is-carrier-of',sk2,sk2,t1,,<--,276, BFO-mvp-1, mtt, 5247
pf,6645,"CRT","FALSE",'instance-of',sk2,change,t,,<--,42, BFOCE-cha-01, mtt, 6613
pf,6644,"CRT","FALSE",identical,sk29,sk28,,,<--,264, BFO-nis-1, mpt, 835
pf,6643,"CRT","FALSE",'instance-of',sk28,process,sk28,,<--,862, BFO-mem-1, mpt, 835
pf,6642,"CRT","FALSE",'instance-of',sk28,'spatiotemporal-region',sk28,,<--,864, BFO-mem-1, mpt, 835
pf,6641,"CRT","FALSE",'instance-of',sk28,'process-boundary',sk28,,<--,865, BFO-mem-1, mpt, 835
pf,6640,"CRT","FALSE",'instance-of',sk1,continuant,sk28,,<--,798, BFO-wrf-1, mpt, 837
pf,6639,"CRT","FALSE",'instance-of',p,'spatiotemporal-region',sk5,,<--,860, BFO-mem-1, mpt, 2398
pf,6638,"CRT","FALSE",'instance-of',p,'process-boundary',sk5,,<--,861, BFO-mem-1, mpt, 2398
pf,6637,"CRT","FALSE",'instance-of',p,'temporal-region',sk5,,<--,862, BFO-mem-1, mpt, 2398
pf,6636,"CRT","FALSE",'instance-of',p,continuant,sk101,,<--,798, BFO-wrf-1, mpt, 3193
pf,6635,"CRT","FALSE",identical,sk102,sk101,,,<--,264, BFO-nis-1, mpt, 3194
pf,6634,"CRT","FALSE",'instance-of',sk101,process,sk101,,<--,862, BFO-mem-1, mpt, 3194
pf,6633,"CRT","FALSE",'instance-of',sk101,'spatiotemporal-region',sk101,,<--,864, BFO-mem-1, mpt, 3194
pf,6632,"CRT","FALSE",'instance-of',sk101,'process-boundary',sk101,,<--,865, BFO-mem-1, mpt, 3194
pf,6631,"CRT","FALSE",'instance-of',p,'spatiotemporal-region',sk101,,<--,860, BFO-mem-1, mpt, 3200
pf,6630,"CRT","FALSE",'instance-of',p,'process-boundary',sk101,,<--,861, BFO-mem-1, mpt, 3200
pf,6629,"CRT","FALSE",'instance-of',p,'temporal-region',sk101,,<--,862, BFO-mem-1, mpt, 3200
pf,6628,"CRT","FALSE",identical,sk120,sk119,,,<--,264, BFO-nis-1, mpt, 3742
pf,6627,"CRT","FALSE",'instance-of',sk119,process,sk119,,<--,862, BFO-mem-1, mpt, 3742
pf,6626,"CRT","FALSE",'instance-of',sk119,'spatiotemporal-region',sk119,,<--,864, BFO-mem-1, mpt, 3742
pf,6625,"CRT","FALSE",'instance-of',sk119,'process-boundary',sk119,,<--,865, BFO-mem-1, mpt, 3742
pf,6624,"CRT","FALSE",'instance-of',sk1,continuant,sk119,,<--,798, BFO-wrf-1, mpt, 3744
pf,6623,"CRT","FALSE",universal,sk2,,,,<--,786, BFO-qkp-1, mpt, 3915
pf,6622,"CRT","FALSE",'instance-of',sk2,occurrent,sk4,,<--,798, BFO-wrf-1, mpt, 3916
pf,6621,"CRT","FALSE",'instance-of',p,continuant,sk160,,<--,798, BFO-wrf-1, mpt, 4930
pf,6620,"CRT","FALSE",identical,sk161,sk160,,,<--,264, BFO-nis-1, mpt, 4931
pf,6619,"CRT","FALSE",'instance-of',sk160,process,sk160,,<--,862, BFO-mem-1, mpt, 4931
pf,6618,"CRT","FALSE",'instance-of',sk160,'spatiotemporal-region',sk160,,<--,864, BFO-mem-1, mpt, 4931
pf,6617,"CRT","FALSE",'instance-of',sk160,'process-boundary',sk160,,<--,865, BFO-mem-1, mpt, 4931
pf,6616,"CRT","FALSE",'instance-of',p,'spatiotemporal-region',sk160,,<--,860, BFO-mem-1, mpt, 4937
pf,6615,"CRT","FALSE",'instance-of',p,'process-boundary',sk160,,<--,861, BFO-mem-1, mpt, 4937
pf,6614,"CRT","FALSE",'instance-of',p,'temporal-region',sk160,,<--,862, BFO-mem-1, mpt, 4937
pf,6613,"CRT","FALSE",'instance-of',sk2,occurrent,t,,<--,798, BFO-wrf-1, mpt, 5248
pf,6612,"CRT","FALSE",'instance-of',sk2,occurrent,t1,,<--,798, BFO-wrf-1, mpt, 5250
pf,6611,"CRT","FALSE",'instance-of',sk2,occurrent,sk5,,<--,798, BFO-wrf-1, mpt, 5251
pf,6610,"CRT","FALSE",'instance-of',p,continuant,sk170,,<--,798, BFO-wrf-1, mpt, 5340
pf,6609,"CRT","FALSE",identical,sk171,sk170,,,<--,264, BFO-nis-1, mpt, 5341
pf,6608,"CRT","FALSE",'instance-of',sk170,process,sk170,,<--,862, BFO-mem-1, mpt, 5341
pf,6607,"CRT","FALSE",'instance-of',sk170,'spatiotemporal-region',sk170,,<--,864, BFO-mem-1, mpt, 5341
pf,6606,"CRT","FALSE",'instance-of',sk170,'process-boundary',sk170,,<--,865, BFO-mem-1, mpt, 5341
pf,6605,"CRT","FALSE",'instance-of',p,'spatiotemporal-region',sk170,,<--,860, BFO-mem-1, mpt, 5347
pf,6604,"CRT","FALSE",'instance-of',p,'process-boundary',sk170,,<--,861, BFO-mem-1, mpt, 5347
pf,6603,"CRT","FALSE",'instance-of',p,'temporal-region',sk170,,<--,862, BFO-mem-1, mpt, 5347
pf,6602,"CRT","FALSE",'instance-of',p,continuant,sk172,,<--,798, BFO-wrf-1, mpt, 5435
pf,6601,"CRT","FALSE",identical,sk173,sk172,,,<--,264, BFO-nis-1, mpt, 5436
pf,6600,"CRT","FALSE",'instance-of',sk172,process,sk172,,<--,862, BFO-mem-1, mpt, 5436
pf,6599,"CRT","FALSE",'instance-of',sk172,'spatiotemporal-region',sk172,,<--,864, BFO-mem-1, mpt, 5436
pf,6598,"CRT","FALSE",'instance-of',sk172,'process-boundary',sk172,,<--,865, BFO-mem-1, mpt, 5436
pf,6597,"CRT","FALSE",'instance-of',p,'spatiotemporal-region',sk172,,<--,860, BFO-mem-1, mpt, 5442
pf,6596,"CRT","FALSE",'instance-of',p,'process-boundary',sk172,,<--,861, BFO-mem-1, mpt, 5442
pf,6595,"CRT","FALSE",'instance-of',p,'temporal-region',sk172,,<--,862, BFO-mem-1, mpt, 5442
pf,6594,"CRT","FALSE",universal,sk172,,,,<--,786, BFO-qkp-1, mpt, 6480
pf,6593,"CRT","FALSE",precedes,sk172,sk172,,,<--,418, BFO-aou-1, mpt, 6481, 6481
pf,6592,"CRT","FALSE",'instance-of',sk172,continuant,sk172,,<--,798, BFO-wrf-1, mpt, 6482
pf,6591,"CRT","FALSE",universal,sk170,,,,<--,786, BFO-qkp-1, mpt, 6486
pf,6590,"CRT","FALSE",precedes,sk170,sk170,,,<--,418, BFO-aou-1, mpt, 6487, 6487
pf,6589,"CRT","FALSE",'instance-of',sk170,continuant,sk170,,<--,798, BFO-wrf-1, mpt, 6488
pf,6588,"CRT","FALSE",universal,sk160,,,,<--,786, BFO-qkp-1, mpt, 6492
pf,6587,"CRT","FALSE",precedes,sk160,sk160,,,<--,418, BFO-aou-1, mpt, 6493, 6493
pf,6586,"CRT","FALSE",'instance-of',sk160,continuant,sk160,,<--,798, BFO-wrf-1, mpt, 6494
pf,6585,"CRT","FALSE",universal,sk119,,,,<--,786, BFO-qkp-1, mpt, 6497
pf,6584,"CRT","FALSE",precedes,sk119,sk119,,,<--,418, BFO-aou-1, mpt, 6499, 6499
pf,6583,"CRT","FALSE",'instance-of',sk119,continuant,sk119,,<--,798, BFO-wrf-1, mpt, 6500
pf,6582,"CRT","FALSE",universal,sk101,,,,<--,786, BFO-qkp-1, mpt, 6504
pf,6581,"CRT","FALSE",precedes,sk101,sk101,,,<--,418, BFO-aou-1, mpt, 6505, 6505
pf,6580,"CRT","FALSE",'instance-of',sk101,continuant,sk101,,<--,798, BFO-wrf-1, mpt, 6506
pf,6579,"CRT","FALSE",'instance-of',p,continuant,sk5,,<--,798, BFO-wrf-1, mpt, 6509
pf,6578,"CRT","FALSE",universal,sk28,,,,<--,786, BFO-qkp-1, mpt, 6510
pf,6577,"CRT","FALSE",precedes,sk28,sk28,,,<--,418, BFO-aou-1, mpt, 6512, 6512
pf,6576,"CRT","FALSE",'instance-of',sk28,continuant,sk28,,<--,798, BFO-wrf-1, mpt, 6513
pf,6575,"CRT","FALSE",'proper-occurrent-part-of',sk28,sk28,,,<--,353, BFO-okr-1, mpt, 6517
pf,6574,"CRT","FALSE",'proper-temporal-part-of',sk28,sk28,,,<--,675, BFO-aeu-1, mpt, 6517
pf,6573,"CRT","FALSE",'proper-occurrent-part-of',sk101,sk101,,,<--,353, BFO-okr-1, mpt, 6522
pf,6572,"CRT","FALSE",'proper-temporal-part-of',sk101,sk101,,,<--,675, BFO-aeu-1, mpt, 6522
pf,6571,"CRT","FALSE",'proper-occurrent-part-of',sk119,sk119,,,<--,353, BFO-okr-1, mpt, 6527
pf,6570,"CRT","FALSE",'proper-temporal-part-of',sk119,sk119,,,<--,675, BFO-aeu-1, mpt, 6527
pf,6569,"CRT","FALSE",'proper-occurrent-part-of',sk160,sk160,,,<--,353, BFO-okr-1, mpt, 6532
pf,6568,"CRT","FALSE",'proper-temporal-part-of',sk160,sk160,,,<--,675, BFO-aeu-1, mpt, 6532
pf,6567,"CRT","FALSE",'proper-occurrent-part-of',sk170,sk170,,,<--,353, BFO-okr-1, mpt, 6537
pf,6566,"CRT","FALSE",'proper-temporal-part-of',sk170,sk170,,,<--,675, BFO-aeu-1, mpt, 6537
pf,6565,"CRT","FALSE",'proper-occurrent-part-of',sk172,sk172,,,<--,353, BFO-okr-1, mpt, 6542
pf,6564,"CRT","FALSE",'proper-temporal-part-of',sk172,sk172,,,<--,675, BFO-aeu-1, mpt, 6542
pf,6563,"CRT","TRUE",'has-occurrent-part',t,sk172,,,<--,346, BFO-yvi-1, mpp, 6547
pf,6562,"CRT","TRUE",'has-occurrent-part',t,sk170,,,<--,346, BFO-yvi-1, mpp, 6549
pf,6561,"CRT","TRUE",'has-occurrent-part',t,sk160,,,<--,346, BFO-yvi-1, mpp, 6551
pf,6560,"CRT","TRUE",'has-occurrent-part',t,sk119,,,<--,346, BFO-yvi-1, mpp, 6553
pf,6559,"CRT","TRUE",'has-occurrent-part',t,sk101,,,<--,346, BFO-yvi-1, mpp, 6555
pf,6558,"CRT","TRUE",'has-occurrent-part',t,sk28,,,<--,346, BFO-yvi-1, mpp, 6557
pf,6557,"CRT","TRUE",'occurrent-part-of',sk28,t,,,<--,664, BFO-bal-1, mpp, 6520
pf,6556,"CRT","TRUE",'has-temporal-part',t,sk28,,,<--,662, BFO-boo-1, mpp, 6520
pf,6555,"CRT","TRUE",'occurrent-part-of',sk101,t,,,<--,664, BFO-bal-1, mpp, 6525
pf,6554,"CRT","TRUE",'has-temporal-part',t,sk101,,,<--,662, BFO-boo-1, mpp, 6525
pf,6553,"CRT","TRUE",'occurrent-part-of',sk119,t,,,<--,664, BFO-bal-1, mpp, 6530
pf,6552,"CRT","TRUE",'has-temporal-part',t,sk119,,,<--,662, BFO-boo-1, mpp, 6530
pf,6551,"CRT","TRUE",'occurrent-part-of',sk160,t,,,<--,664, BFO-bal-1, mpp, 6535
pf,6550,"CRT","TRUE",'has-temporal-part',t,sk160,,,<--,662, BFO-boo-1, mpp, 6535
pf,6549,"CRT","TRUE",'occurrent-part-of',sk170,t,,,<--,664, BFO-bal-1, mpp, 6540
pf,6548,"CRT","TRUE",'has-temporal-part',t,sk170,,,<--,662, BFO-boo-1, mpp, 6540
pf,6547,"CRT","TRUE",'occurrent-part-of',sk172,t,,,<--,664, BFO-bal-1, mpp, 6545
pf,6546,"CRT","TRUE",'has-temporal-part',t,sk172,,,<--,662, BFO-boo-1, mpp, 6545
pf,6545,"CRT","TRUE",'temporal-part-of',sk172,t,,,<--,29, BFOCE-ett-02, mpp, 4, 6479
pf,6544,"CRT","TRUE",'has-temporal-part',sk172,sk172,,,<--,662, BFO-boo-1, mpp, 6481
pf,6543,"CRT","TRUE",entity,sk172,,,,<--,824, BFO-vgn-1, mpp, 6482
pf,6542,"CRT","TRUE",identical,sk172,sk172,,,<--,351, BFO-xlu-1, mpp, 6484, 6484
pf,6541,"CRT","TRUE",'has-occurrent-part',sk172,sk172,,,<--,346, BFO-yvi-1, mpp, 6484
pf,6540,"CRT","TRUE",'temporal-part-of',sk170,t,,,<--,29, BFOCE-ett-02, mpp, 4, 6485
pf,6539,"CRT","TRUE",'has-temporal-part',sk170,sk170,,,<--,662, BFO-boo-1, mpp, 6487
pf,6538,"CRT","TRUE",entity,sk170,,,,<--,824, BFO-vgn-1, mpp, 6488
pf,6537,"CRT","TRUE",identical,sk170,sk170,,,<--,351, BFO-xlu-1, mpp, 6490, 6490
pf,6536,"CRT","TRUE",'has-occurrent-part',sk170,sk170,,,<--,346, BFO-yvi-1, mpp, 6490
pf,6535,"CRT","TRUE",'temporal-part-of',sk160,t,,,<--,29, BFOCE-ett-02, mpp, 4, 6491
pf,6534,"CRT","TRUE",'has-temporal-part',sk160,sk160,,,<--,662, BFO-boo-1, mpp, 6493
pf,6533,"CRT","TRUE",entity,sk160,,,,<--,824, BFO-vgn-1, mpp, 6494
pf,6532,"CRT","TRUE",identical,sk160,sk160,,,<--,351, BFO-xlu-1, mpp, 6496, 6496
pf,6531,"CRT","TRUE",'has-occurrent-part',sk160,sk160,,,<--,346, BFO-yvi-1, mpp, 6496
pf,6530,"CRT","TRUE",'temporal-part-of',sk119,t,,,<--,29, BFOCE-ett-02, mpp, 4, 6498
pf,6529,"CRT","TRUE",'has-temporal-part',sk119,sk119,,,<--,662, BFO-boo-1, mpp, 6499
pf,6528,"CRT","TRUE",entity,sk119,,,,<--,824, BFO-vgn-1, mpp, 6500
pf,6527,"CRT","TRUE",identical,sk119,sk119,,,<--,351, BFO-xlu-1, mpp, 6502, 6502
pf,6526,"CRT","TRUE",'has-occurrent-part',sk119,sk119,,,<--,346, BFO-yvi-1, mpp, 6502
pf,6525,"CRT","TRUE",'temporal-part-of',sk101,t,,,<--,29, BFOCE-ett-02, mpp, 4, 6503
pf,6524,"CRT","TRUE",'has-temporal-part',sk101,sk101,,,<--,662, BFO-boo-1, mpp, 6505
pf,6523,"CRT","TRUE",entity,sk101,,,,<--,824, BFO-vgn-1, mpp, 6506
pf,6522,"CRT","TRUE",identical,sk101,sk101,,,<--,351, BFO-xlu-1, mpp, 6508, 6508
pf,6521,"CRT","TRUE",'has-occurrent-part',sk101,sk101,,,<--,346, BFO-yvi-1, mpp, 6508
pf,6520,"CRT","TRUE",'temporal-part-of',sk28,t,,,<--,29, BFOCE-ett-02, mpp, 4, 6511
pf,6519,"CRT","TRUE",'has-temporal-part',sk28,sk28,,,<--,662, BFO-boo-1, mpp, 6512
pf,6518,"CRT","TRUE",entity,sk28,,,,<--,824, BFO-vgn-1, mpp, 6513
pf,6517,"CRT","TRUE",identical,sk28,sk28,,,<--,351, BFO-xlu-1, mpp, 6515, 6515
pf,6516,"CRT","TRUE",'has-occurrent-part',sk28,sk28,,,<--,346, BFO-yvi-1, mpp, 6515
pf,6515,"CRT","TRUE",'occurrent-part-of',sk28,sk28,,,<--,369, BFO-cmy-2, mpp, 6512, 835, 835
pf,6514,"CRT","TRUE",'exists-at',sk28,sk28,,,<--,270, BFO-bee-1, mpp, 63, 835, 835
pf,6513,"CRT","TRUE",'instance-of',sk28,occurrent,sk28,,<--,793, BFO-ejl-1, mpp, 835
pf,6512,"CRT","TRUE",'temporal-part-of',sk28,sk28,,,<--,665, BFO-dbj-2, mpp, 835
pf,6511,"CRT","TRUE",'exists-at',p,sk28,,,<--,356, BFO-ybr-1, mpp, 25, 836
pf,6510,"CRT","TRUE",particular,sk28,,,,<--,256, BFO-oap-1, mpp, 836
pf,6509,"CRT","TRUE",'instance-of',p,occurrent,sk5,,<--,788, BFO-lso-1, mpp, 2398
pf,6508,"CRT","TRUE",'occurrent-part-of',sk101,sk101,,,<--,369, BFO-cmy-2, mpp, 6505, 3194, 3194
pf,6507,"CRT","TRUE",'exists-at',sk101,sk101,,,<--,270, BFO-bee-1, mpp, 63, 3194, 3194
pf,6506,"CRT","TRUE",'instance-of',sk101,occurrent,sk101,,<--,793, BFO-ejl-1, mpp, 3194
pf,6505,"CRT","TRUE",'temporal-part-of',sk101,sk101,,,<--,665, BFO-dbj-2, mpp, 3194
pf,6504,"CRT","TRUE",particular,sk101,,,,<--,260, BFO-lqn-1, mpp, 3194
pf,6503,"CRT","TRUE",'exists-at',p,sk101,,,<--,270, BFO-bee-1, mpp, 22, 3194, 3200
pf,6502,"CRT","TRUE",'occurrent-part-of',sk119,sk119,,,<--,369, BFO-cmy-2, mpp, 6499, 3742, 3742
pf,6501,"CRT","TRUE",'exists-at',sk119,sk119,,,<--,270, BFO-bee-1, mpp, 63, 3742, 3742
pf,6500,"CRT","TRUE",'instance-of',sk119,occurrent,sk119,,<--,793, BFO-ejl-1, mpp, 3742
pf,6499,"CRT","TRUE",'temporal-part-of',sk119,sk119,,,<--,665, BFO-dbj-2, mpp, 3742
pf,6498,"CRT","TRUE",'exists-at',p,sk119,,,<--,356, BFO-ybr-1, mpp, 25, 3743
pf,6497,"CRT","TRUE",particular,sk119,,,,<--,256, BFO-oap-1, mpp, 3743
pf,6496,"CRT","TRUE",'occurrent-part-of',sk160,sk160,,,<--,369, BFO-cmy-2, mpp, 6493, 4931, 4931
pf,6495,"CRT","TRUE",'exists-at',sk160,sk160,,,<--,270, BFO-bee-1, mpp, 63, 4931, 4931
pf,6494,"CRT","TRUE",'instance-of',sk160,occurrent,sk160,,<--,793, BFO-ejl-1, mpp, 4931
pf,6493,"CRT","TRUE",'temporal-part-of',sk160,sk160,,,<--,665, BFO-dbj-2, mpp, 4931
pf,6492,"CRT","TRUE",particular,sk160,,,,<--,260, BFO-lqn-1, mpp, 4931
pf,6491,"CRT","TRUE",'exists-at',p,sk160,,,<--,270, BFO-bee-1, mpp, 22, 4931, 4937
pf,6490,"CRT","TRUE",'occurrent-part-of',sk170,sk170,,,<--,369, BFO-cmy-2, mpp, 6487, 5341, 5341
pf,6489,"CRT","TRUE",'exists-at',sk170,sk170,,,<--,270, BFO-bee-1, mpp, 63, 5341, 5341
pf,6488,"CRT","TRUE",'instance-of',sk170,occurrent,sk170,,<--,793, BFO-ejl-1, mpp, 5341
pf,6487,"CRT","TRUE",'temporal-part-of',sk170,sk170,,,<--,665, BFO-dbj-2, mpp, 5341
pf,6486,"CRT","TRUE",particular,sk170,,,,<--,260, BFO-lqn-1, mpp, 5341
pf,6485,"CRT","TRUE",'exists-at',p,sk170,,,<--,270, BFO-bee-1, mpp, 22, 5341, 5347
pf,6484,"CRT","TRUE",'occurrent-part-of',sk172,sk172,,,<--,369, BFO-cmy-2, mpp, 6481, 5436, 5436
pf,6483,"CRT","TRUE",'exists-at',sk172,sk172,,,<--,270, BFO-bee-1, mpp, 63, 5436, 5436
pf,6482,"CRT","TRUE",'instance-of',sk172,occurrent,sk172,,<--,793, BFO-ejl-1, mpp, 5436
pf,6481,"CRT","TRUE",'temporal-part-of',sk172,sk172,,,<--,665, BFO-dbj-2, mpp, 5436
pf,6480,"CRT","TRUE",particular,sk172,,,,<--,260, BFO-lqn-1, mpp, 5436
pf,6479,"CRT","TRUE",'exists-at',p,sk172,,,<--,270, BFO-bee-1, mpp, 22, 5436, 5442
pf,5442,"CRT","TRUE",'instance-of',p,process,sk172,,<--,538, BFO-lyx-2, rana, 21
pf,5436,"CRT","TRUE",'instance-of',sk172,'temporal-region',sk172,,<--,374, BFO-ptm-1, ffaa, 5408, 5407
pf,5435,"CRT","TRUE",'instance-of',p,occurrent,sk172,,<--,374, BFO-ptm-1, ffaa, 5408, 5407
nf,5434,"OR-8","TRUE",'instance-of',sk172,'temporal-region',sk172,,<--,258, BFO-lqn-1, mpp, 5408
nf,5433,"OR-8","TRUE",'instance-of',p,occurrent,sk172,,<--,795, BFO-xot-1, mpp, 5408
nf,5432,"OR-8","FALSE",'instance-of',sk2,occurrent,sk5,,<--,798, BFO-wrf-1, mpt, 5251
nf,5431,"OR-8","TRUE",'instance-of',sk2,'specifically-dependent-continuant',sk5,,<--,254, BFO-qaf-1, mpp, 5404, 160
nf,5430,"OR-8","TRUE",'instance-of',sk2,'generically-dependent-continuant',sk5,,<--,254, BFO-qaf-1, mpp, 5405, 160
nf,5429,"OR-8","TRUE",'instance-of',sk2,'independent-continuant',sk5,,<--,254, BFO-qaf-1, mpp, 5403, 160
nf,5428,"OR-8","FALSE",'instance-of',sk2,occurrent,t1,,<--,798, BFO-wrf-1, mpt, 5250
nf,5427,"OR-8","FALSE",'instance-of',sk2,'independent-continuant',t,,<--,859, BFO-cig-1, mpt, 5405
nf,5426,"OR-8","FALSE",'instance-of',sk2,change,t,,<--,42, BFOCE-cha-01, mtt, 5425
nf,5425,"OR-8","FALSE",'instance-of',sk2,occurrent,t,,<--,798, BFO-wrf-1, mpt, 5248
nf,5424,"OR-8","FALSE",'instance-of',sk2,'generically-dependent-continuant',t1,,<--,859, BFO-cig-1, mpt, 5423
nf,5423,"OR-8","TRUE",'instance-of',sk2,'independent-continuant',t1,,<--,254, BFO-qaf-1, mpp, 5403, 61
nf,5422,"OR-8","FALSE",'instance-of',sk2,'independent-continuant',t1,,<--,859, BFO-cig-1, mpt, 5421
nf,5421,"OR-8","TRUE",'instance-of',sk2,'generically-dependent-continuant',t1,,<--,254, BFO-qaf-1, mpp, 5405, 61
nf,5420,"OR-8","TRUE",'instance-of',sk2,'specifically-dependent-continuant',t1,,<--,254, BFO-qaf-1, mpp, 5404, 61
nf,5419,"OR-8","FALSE",'instance-of',sk2,'spatial-region',t1,,<--,497, BFO-bge-1, mpt, 5418
nf,5418,"OR-8","TRUE",'located-in',sk2,sk2,t1,,<--,462, BFO-put-1, mpp, 5417, 61
nf,5417,"OR-8","TRUE",'located-in',sk2,sk2,t,,<--,489, BFO-bao-1, mtp, 5416, 5403, 5413
nf,5416,"OR-8","FALSE",'instance-of',sk2,'spatial-region',t,,<--,447, BFO-ild-1, mtt, 5415, 5414, 26
nf,5415,"OR-8","FALSE",'instance-of',sk2,'specifically-dependent-continuant',t,,<--,858, BFO-cig-1, mpt, 5405
nf,5414,"OR-8","FALSE",'instance-of',sk2,'generically-dependent-continuant',t,,<--,859, BFO-cig-1, mpt, 5403
nf,5413,"OR-8","TRUE",'continuant-part-of',sk2,sk2,t,,<--,189, BFO-mcd-1, mpp, 5403
nf,5412,"OR-8","TRUE",universal,'specifically-dependent-continuant',,,,<--,259, BFO-lqn-1, mpp, 5401
nf,5411,"OR-8","TRUE",universal,'generically-dependent-continuant',,,,<--,259, BFO-lqn-1, mpp, 5399
nf,5410,"OR-8","FALSE",'instance-of',sk2,occurrent,sk4,,<--,798, BFO-wrf-1, mpt, 3916
nf,5409,"OR-8","FALSE",universal,sk2,,,,<--,786, BFO-qkp-1, mpt, 3915
nf,5408,"OR-8","TRUE",'instance-of',p,'process-boundary',sk172,,<--,538, BFO-lyx-2, mppa, 21
nf,5407,"OR-8","TRUE",'instance-of',p,process,sk172,,<--,538, BFO-lyx-2, mppa, 21
nf,5406,"OR-8","TRUE",'instance-of',p,'process-boundary',sk170,,<--,374, BFO-ptm-1, mppa, 30, 25
nf,5405,"OR-8","TRUE",'instance-of',sk2,'generically-dependent-continuant',t,,<--,446, BFO-ild-1, mppa, 26
nf,5404,"OR-8","TRUE",'instance-of',sk2,'specifically-dependent-continuant',t,,<--,446, BFO-ild-1, mppa, 26
nf,5403,"OR-8","TRUE",'instance-of',sk2,'independent-continuant',t,,<--,446, BFO-ild-1, mppa, 26
nf,5402,"OR-8","TRUE",'instance-of',p,'process-boundary',sk160,,<--,545, BFO-vvo-1, mppa, 27
nf,5401,"OR-8","TRUE",'instance-of',sk2,'specifically-dependent-continuant',sk4,,<--,446, BFO-ild-1, mppa, 52
nf,5400,"OR-8","TRUE",'instance-of',sk2,'independent-continuant',sk4,,<--,446, BFO-ild-1, mppa, 52
nf,5399,"OR-8","TRUE",'instance-of',sk2,'generically-dependent-continuant',sk4,,<--,446, BFO-ild-1, mppa, 52
nf,5398,"OR-8","TRUE",'instance-of',sk1,'process-boundary',sk119,,<--,373, BFO-ccz-1, mppa, 79, 53
nf,5397,"OR-8","TRUE",'instance-of',sk1,process,sk119,,<--,373, BFO-ccz-1, mppa, 79, 53
nf,5396,"OR-8","TRUE",'instance-of',p,'process-boundary',sk101,,<--,373, BFO-ccz-1, mppa, 108, 79
nf,5395,"OR-8","TRUE",'instance-of',sk1,'process-boundary',sk28,,<--,374, BFO-ptm-1, mppa, 126, 30
nf,5394,"OR-8","TRUE",'instance-of',sk1,process,sk28,,<--,374, BFO-ptm-1, mppa, 126, 30
pf,5347,"CRT","TRUE",'instance-of',p,process,sk170,,<--,374, BFO-ptm-1, rana, 25, 30
pf,5341,"CRT","TRUE",'instance-of',sk170,'temporal-region',sk170,,<--,374, BFO-ptm-1, ffaa, 5313, 5312
pf,5340,"CRT","TRUE",'instance-of',p,occurrent,sk170,,<--,374, BFO-ptm-1, ffaa, 5313, 5312
nf,5339,"OR-7","TRUE",'instance-of',sk170,'temporal-region',sk170,,<--,258, BFO-lqn-1, mpp, 5313
nf,5338,"OR-7","TRUE",'instance-of',p,occurrent,sk170,,<--,795, BFO-xot-1, mpp, 5313
nf,5337,"OR-7","FALSE",'instance-of',sk2,occurrent,sk5,,<--,798, BFO-wrf-1, mpt, 5251
nf,5336,"OR-7","TRUE",'instance-of',sk2,'specifically-dependent-continuant',sk5,,<--,254, BFO-qaf-1, mpp, 5310, 160
nf,5335,"OR-7","TRUE",'instance-of',sk2,'generically-dependent-continuant',sk5,,<--,254, BFO-qaf-1, mpp, 5311, 160
nf,5334,"OR-7","TRUE",'instance-of',sk2,'independent-continuant',sk5,,<--,254, BFO-qaf-1, mpp, 5309, 160
nf,5333,"OR-7","FALSE",'instance-of',sk2,occurrent,t1,,<--,798, BFO-wrf-1, mpt, 5250
nf,5332,"OR-7","FALSE",'instance-of',sk2,'independent-continuant',t,,<--,859, BFO-cig-1, mpt, 5311
nf,5331,"OR-7","FALSE",'instance-of',sk2,change,t,,<--,42, BFOCE-cha-01, mtt, 5330
nf,5330,"OR-7","FALSE",'instance-of',sk2,occurrent,t,,<--,798, BFO-wrf-1, mpt, 5248
nf,5329,"OR-7","FALSE",'instance-of',sk2,'generically-dependent-continuant',t1,,<--,859, BFO-cig-1, mpt, 5328
nf,5328,"OR-7","TRUE",'instance-of',sk2,'independent-continuant',t1,,<--,254, BFO-qaf-1, mpp, 5309, 61
nf,5327,"OR-7","FALSE",'instance-of',sk2,'independent-continuant',t1,,<--,859, BFO-cig-1, mpt, 5326
nf,5326,"OR-7","TRUE",'instance-of',sk2,'generically-dependent-continuant',t1,,<--,254, BFO-qaf-1, mpp, 5311, 61
nf,5325,"OR-7","TRUE",'instance-of',sk2,'specifically-dependent-continuant',t1,,<--,254, BFO-qaf-1, mpp, 5310, 61
nf,5324,"OR-7","FALSE",'instance-of',sk2,'spatial-region',t1,,<--,497, BFO-bge-1, mpt, 5323
nf,5323,"OR-7","TRUE",'located-in',sk2,sk2,t1,,<--,462, BFO-put-1, mpp, 5322, 61
nf,5322,"OR-7","TRUE",'located-in',sk2,sk2,t,,<--,489, BFO-bao-1, mtp, 5321, 5309, 5318
nf,5321,"OR-7","FALSE",'instance-of',sk2,'spatial-region',t,,<--,447, BFO-ild-1, mtt, 5320, 5319, 26
nf,5320,"OR-7","FALSE",'instance-of',sk2,'specifically-dependent-continuant',t,,<--,858, BFO-cig-1, mpt, 5311
nf,5319,"OR-7","FALSE",'instance-of',sk2,'generically-dependent-continuant',t,,<--,859, BFO-cig-1, mpt, 5309
nf,5318,"OR-7","TRUE",'continuant-part-of',sk2,sk2,t,,<--,189, BFO-mcd-1, mpp, 5309
nf,5317,"OR-7","TRUE",universal,'specifically-dependent-continuant',,,,<--,259, BFO-lqn-1, mpp, 5307
nf,5316,"OR-7","TRUE",universal,'generically-dependent-continuant',,,,<--,259, BFO-lqn-1, mpp, 5305
nf,5315,"OR-7","FALSE",'instance-of',sk2,occurrent,sk4,,<--,798, BFO-wrf-1, mpt, 3916
nf,5314,"OR-7","FALSE",universal,sk2,,,,<--,786, BFO-qkp-1, mpt, 3915
nf,5313,"OR-7","TRUE",'instance-of',p,'process-boundary',sk170,,<--,374, BFO-ptm-1, mppa, 30, 25
nf,5312,"OR-7","TRUE",'instance-of',p,process,sk170,,<--,374, BFO-ptm-1, mppa, 30, 25
nf,5311,"OR-7","TRUE",'instance-of',sk2,'generically-dependent-continuant',t,,<--,446, BFO-ild-1, mppa, 26
nf,5310,"OR-7","TRUE",'instance-of',sk2,'specifically-dependent-continuant',t,,<--,446, BFO-ild-1, mppa, 26
nf,5309,"OR-7","TRUE",'instance-of',sk2,'independent-continuant',t,,<--,446, BFO-ild-1, mppa, 26
nf,5308,"OR-7","TRUE",'instance-of',p,'process-boundary',sk160,,<--,545, BFO-vvo-1, mppa, 27
nf,5307,"OR-7","TRUE",'instance-of',sk2,'specifically-dependent-continuant',sk4,,<--,446, BFO-ild-1, mppa, 52
nf,5306,"OR-7","TRUE",'instance-of',sk2,'independent-continuant',sk4,,<--,446, BFO-ild-1, mppa, 52
nf,5305,"OR-7","TRUE",'instance-of',sk2,'generically-dependent-continuant',sk4,,<--,446, BFO-ild-1, mppa, 52
nf,5304,"OR-7","TRUE",'instance-of',sk1,'process-boundary',sk119,,<--,373, BFO-ccz-1, mppa, 79, 53
nf,5303,"OR-7","TRUE",'instance-of',sk1,process,sk119,,<--,373, BFO-ccz-1, mppa, 79, 53
nf,5302,"OR-7","TRUE",'instance-of',p,'process-boundary',sk101,,<--,373, BFO-ccz-1, mppa, 108, 79
nf,5301,"OR-7","TRUE",'instance-of',sk1,'process-boundary',sk28,,<--,374, BFO-ptm-1, mppa, 126, 30
nf,5300,"OR-7","TRUE",'instance-of',sk1,process,sk28,,<--,374, BFO-ptm-1, mppa, 126, 30
pf,5254,"CRT","TRUE",'exists-at',sk2,t,,,<--,374, BFO-ptm-1, ffaa, 5215, 5209, 5214, 5210, 5208, 19, 241
pf,5253,"CRT","TRUE",'exists-at',sk2,t1,,,<--,374, BFO-ptm-1, ffaa, 5215, 5223, 5214, 5224, 5227, 11, 241
pf,5252,"CRT","TRUE",'exists-at',sk2,sk5,,,<--,374, BFO-ptm-1, ffaa, 5215, 5239, 5214, 5238, 5237, 36, 241
pf,5251,"CRT","TRUE",'instance-of',sk2,continuant,sk5,,<--,374, BFO-ptm-1, ffaa, 5239, 5238, 5237
pf,5250,"CRT","TRUE",'instance-of',sk2,continuant,t1,,<--,374, BFO-ptm-1, ffaa, 5223, 5224, 5227
pf,5249,"CRT","FALSE",'occupies-spatial-region',sk2,sk2,t,,<--,374, BFO-ptm-1, ffaa, 5233, 5219
pf,5248,"CRT","TRUE",'instance-of',sk2,continuant,t,,<--,374, BFO-ptm-1, ffaa, 5209, 5210, 5208
pf,5247,"CRT","FALSE",'generically-depends-on',sk2,sk2,t1,,<--,374, BFO-ptm-1, ffaa, 5225, 5228
pf,5246,"CRT","FALSE",'occupies-spatial-region',sk2,sk2,t1,,<--,374, BFO-ptm-1, ffaa, 5225, 5222
pf,5245,"CRT","TRUE",entity,sk2,,,,<--,374, BFO-ptm-1, ffaa, 3916, 5230
nf,5244,"OR-6","TRUE",'exists-at',sk2,t,,,<--,270, BFO-bee-1, mpp, 5215, 5209, 19
nf,5243,"OR-6","TRUE",'exists-at',sk2,t1,,,<--,270, BFO-bee-1, mpp, 5215, 5223, 11
nf,5242,"OR-6","TRUE",'exists-at',sk2,sk5,,,<--,270, BFO-bee-1, mpp, 5215, 5239, 36
nf,5241,"OR-6","FALSE",'instance-of',sk2,occurrent,sk5,,<--,798, BFO-wrf-1, mpt, 5240
nf,5240,"OR-6","TRUE",'instance-of',sk2,continuant,sk5,,<--,814, BFO-dhv-1, mpp, 5239
nf,5239,"OR-6","TRUE",'instance-of',sk2,'specifically-dependent-continuant',sk5,,<--,254, BFO-qaf-1, mpp, 5209, 160
nf,5238,"OR-6","TRUE",'instance-of',sk2,'generically-dependent-continuant',sk5,,<--,254, BFO-qaf-1, mpp, 5210, 160
nf,5237,"OR-6","TRUE",'instance-of',sk2,'independent-continuant',sk5,,<--,254, BFO-qaf-1, mpp, 5208, 160
nf,5236,"OR-6","FALSE",'instance-of',sk2,occurrent,t1,,<--,798, BFO-wrf-1, mpt, 5235
nf,5235,"OR-6","TRUE",'instance-of',sk2,continuant,t1,,<--,814, BFO-dhv-1, mpp, 5223
nf,5234,"OR-6","FALSE",'occupies-spatial-region',sk2,sk2,t,,<--,487, BFO-lzw-1, mtt, 5233
nf,5233,"OR-6","FALSE",'instance-of',sk2,'independent-continuant',t,,<--,859, BFO-cig-1, mpt, 5210
nf,5232,"OR-6","FALSE",'instance-of',sk2,change,t,,<--,42, BFOCE-cha-01, mtt, 5231
nf,5231,"OR-6","FALSE",'instance-of',sk2,occurrent,t,,<--,798, BFO-wrf-1, mpt, 5230
nf,5230,"OR-6","TRUE",'instance-of',sk2,continuant,t,,<--,814, BFO-dhv-1, mpp, 5209
nf,5229,"OR-6","FALSE",'generically-depends-on',sk2,sk2,t1,,<--,288, BFO-ekp-1, mtt, 5225
nf,5228,"OR-6","FALSE",'instance-of',sk2,'generically-dependent-continuant',t1,,<--,859, BFO-cig-1, mpt, 5227
nf,5227,"OR-6","TRUE",'instance-of',sk2,'independent-continuant',t1,,<--,254, BFO-qaf-1, mpp, 5208, 61
nf,5226,"OR-6","FALSE",'occupies-spatial-region',sk2,sk2,t1,,<--,487, BFO-lzw-1, mtt, 5225
nf,5225,"OR-6","FALSE",'instance-of',sk2,'independent-continuant',t1,,<--,859, BFO-cig-1, mpt, 5224
nf,5224,"OR-6","TRUE",'instance-of',sk2,'generically-dependent-continuant',t1,,<--,254, BFO-qaf-1, mpp, 5210, 61
nf,5223,"OR-6","TRUE",'instance-of',sk2,'specifically-dependent-continuant',t1,,<--,254, BFO-qaf-1, mpp, 5209, 61
nf,5222,"OR-6","FALSE",'instance-of',sk2,'spatial-region',t1,,<--,497, BFO-bge-1, mpt, 5221
nf,5221,"OR-6","TRUE",'located-in',sk2,sk2,t1,,<--,462, BFO-put-1, mpp, 5220, 61
nf,5220,"OR-6","TRUE",'located-in',sk2,sk2,t,,<--,489, BFO-bao-1, mtp, 5219, 5208, 5216
nf,5219,"OR-6","FALSE",'instance-of',sk2,'spatial-region',t,,<--,447, BFO-ild-1, mtt, 5218, 5217, 26
nf,5218,"OR-6","FALSE",'instance-of',sk2,'specifically-dependent-continuant',t,,<--,858, BFO-cig-1, mpt, 5210
nf,5217,"OR-6","FALSE",'instance-of',sk2,'generically-dependent-continuant',t,,<--,859, BFO-cig-1, mpt, 5208
nf,5216,"OR-6","TRUE",'continuant-part-of',sk2,sk2,t,,<--,189, BFO-mcd-1, mpp, 5208
nf,5215,"OR-6","TRUE",universal,'specifically-dependent-continuant',,,,<--,259, BFO-lqn-1, mpp, 5206
nf,5214,"OR-6","TRUE",universal,'generically-dependent-continuant',,,,<--,259, BFO-lqn-1, mpp, 5204
nf,5213,"OR-6","TRUE",entity,sk2,,,,<--,823, BFO-vgn-1, mpp, 3916
nf,5212,"OR-6","FALSE",'instance-of',sk2,occurrent,sk4,,<--,798, BFO-wrf-1, mpt, 3916
nf,5211,"OR-6","FALSE",universal,sk2,,,,<--,786, BFO-qkp-1, mpt, 3915
nf,5210,"OR-6","TRUE",'instance-of',sk2,'generically-dependent-continuant',t,,<--,446, BFO-ild-1, mppa, 26
nf,5209,"OR-6","TRUE",'instance-of',sk2,'specifically-dependent-continuant',t,,<--,446, BFO-ild-1, mppa, 26
nf,5208,"OR-6","TRUE",'instance-of',sk2,'independent-continuant',t,,<--,446, BFO-ild-1, mppa, 26
nf,5207,"OR-6","TRUE",'instance-of',p,'process-boundary',sk160,,<--,545, BFO-vvo-1, mppa, 27
nf,5206,"OR-6","TRUE",'instance-of',sk2,'specifically-dependent-continuant',sk4,,<--,446, BFO-ild-1, mppa, 52
nf,5205,"OR-6","TRUE",'instance-of',sk2,'independent-continuant',sk4,,<--,446, BFO-ild-1, mppa, 52
nf,5204,"OR-6","TRUE",'instance-of',sk2,'generically-dependent-continuant',sk4,,<--,446, BFO-ild-1, mppa, 52
nf,5203,"OR-6","TRUE",'instance-of',sk1,'process-boundary',sk119,,<--,373, BFO-ccz-1, mppa, 79, 53
nf,5202,"OR-6","TRUE",'instance-of',sk1,process,sk119,,<--,373, BFO-ccz-1, mppa, 79, 53
nf,5201,"OR-6","TRUE",'instance-of',p,'process-boundary',sk101,,<--,373, BFO-ccz-1, mppa, 108, 79
nf,5200,"OR-6","TRUE",'instance-of',sk1,'process-boundary',sk28,,<--,374, BFO-ptm-1, mppa, 126, 30
nf,5199,"OR-6","TRUE",'instance-of',sk1,process,sk28,,<--,374, BFO-ptm-1, mppa, 126, 30
pf,4937,"CRT","TRUE",'instance-of',p,process,sk160,,<--,545, BFO-vvo-1, rana, 27
pf,4931,"CRT","TRUE",'instance-of',sk160,'temporal-region',sk160,,<--,374, BFO-ptm-1, ffaa, 4922, 4921
pf,4930,"CRT","TRUE",'instance-of',p,occurrent,sk160,,<--,374, BFO-ptm-1, ffaa, 4922, 4921
nf,4929,"OR-5","TRUE",'instance-of',sk160,'temporal-region',sk160,,<--,258, BFO-lqn-1, mpp, 4922
nf,4928,"OR-5","TRUE",'instance-of',p,occurrent,sk160,,<--,795, BFO-xot-1, mpp, 4922
nf,4927,"OR-5","TRUE",universal,'specifically-dependent-continuant',,,,<--,259, BFO-lqn-1, mpp, 4920
nf,4926,"OR-5","TRUE",universal,'generically-dependent-continuant',,,,<--,259, BFO-lqn-1, mpp, 4918
nf,4925,"OR-5","TRUE",entity,sk2,,,,<--,823, BFO-vgn-1, mpp, 3916
nf,4924,"OR-5","FALSE",'instance-of',sk2,occurrent,sk4,,<--,798, BFO-wrf-1, mpt, 3916
nf,4923,"OR-5","FALSE",universal,sk2,,,,<--,786, BFO-qkp-1, mpt, 3915
nf,4922,"OR-5","TRUE",'instance-of',p,'process-boundary',sk160,,<--,545, BFO-vvo-1, mppa, 27
nf,4921,"OR-5","TRUE",'instance-of',p,process,sk160,,<--,545, BFO-vvo-1, mppa, 27
nf,4920,"OR-5","TRUE",'instance-of',sk2,'specifically-dependent-continuant',sk4,,<--,446, BFO-ild-1, mppa, 52
nf,4919,"OR-5","TRUE",'instance-of',sk2,'independent-continuant',sk4,,<--,446, BFO-ild-1, mppa, 52
nf,4918,"OR-5","TRUE",'instance-of',sk2,'generically-dependent-continuant',sk4,,<--,446, BFO-ild-1, mppa, 52
nf,4917,"OR-5","TRUE",'instance-of',sk1,'process-boundary',sk119,,<--,373, BFO-ccz-1, mppa, 79, 53
nf,4916,"OR-5","TRUE",'instance-of',sk1,process,sk119,,<--,373, BFO-ccz-1, mppa, 79, 53
nf,4915,"OR-5","TRUE",'instance-of',p,'process-boundary',sk101,,<--,373, BFO-ccz-1, mppa, 108, 79
nf,4914,"OR-5","TRUE",'instance-of',sk1,'process-boundary',sk28,,<--,374, BFO-ptm-1, mppa, 126, 30
nf,4913,"OR-5","TRUE",'instance-of',sk1,process,sk28,,<--,374, BFO-ptm-1, mppa, 126, 30
pf,3917,"CRT","TRUE",'exists-at',sk2,sk4,,,<--,374, BFO-ptm-1, ffaa, 3913, 3906, 3912, 3904, 3905, 41, 241
pf,3916,"CRT","TRUE",'instance-of',sk2,continuant,sk4,,<--,374, BFO-ptm-1, ffaa, 3906, 3904, 3905
pf,3915,"CRT","TRUE",particular,sk2,,,,<--,374, BFO-ptm-1, ffaa, 3906, 3905, 3904
nf,3914,"OR-4","TRUE",'exists-at',sk2,sk4,,,<--,270, BFO-bee-1, mpp, 3913, 3906, 41
nf,3913,"OR-4","TRUE",universal,'specifically-dependent-continuant',,,,<--,259, BFO-lqn-1, mpp, 3906
nf,3912,"OR-4","TRUE",universal,'generically-dependent-continuant',,,,<--,259, BFO-lqn-1, mpp, 3904
nf,3911,"OR-4","TRUE",entity,sk2,,,,<--,823, BFO-vgn-1, mpp, 3909
nf,3910,"OR-4","FALSE",'instance-of',sk2,occurrent,sk4,,<--,798, BFO-wrf-1, mpt, 3909
nf,3909,"OR-4","TRUE",'instance-of',sk2,continuant,sk4,,<--,814, BFO-dhv-1, mpp, 3906
nf,3908,"OR-4","FALSE",universal,sk2,,,,<--,786, BFO-qkp-1, mpt, 3907
nf,3907,"OR-4","TRUE",particular,sk2,,,,<--,260, BFO-lqn-1, mpp, 3906
nf,3906,"OR-4","TRUE",'instance-of',sk2,'specifically-dependent-continuant',sk4,,<--,446, BFO-ild-1, mppa, 52
nf,3905,"OR-4","TRUE",'instance-of',sk2,'independent-continuant',sk4,,<--,446, BFO-ild-1, mppa, 52
nf,3904,"OR-4","TRUE",'instance-of',sk2,'generically-dependent-continuant',sk4,,<--,446, BFO-ild-1, mppa, 52
nf,3903,"OR-4","TRUE",'instance-of',sk1,'process-boundary',sk119,,<--,373, BFO-ccz-1, mppa, 79, 53
nf,3902,"OR-4","TRUE",'instance-of',sk1,process,sk119,,<--,373, BFO-ccz-1, mppa, 79, 53
nf,3901,"OR-4","TRUE",'instance-of',p,'process-boundary',sk101,,<--,373, BFO-ccz-1, mppa, 108, 79
nf,3900,"OR-4","TRUE",'instance-of',sk1,'process-boundary',sk28,,<--,374, BFO-ptm-1, mppa, 126, 30
nf,3899,"OR-4","TRUE",'instance-of',sk1,process,sk28,,<--,374, BFO-ptm-1, mppa, 126, 30
pf,3744,"CRT","TRUE",'instance-of',sk1,occurrent,sk119,,<--,374, BFO-ptm-1, ffaa, 3738, 3737
pf,3743,"CRT","TRUE",'exists-at',sk1,sk119,,,<--,374, BFO-ptm-1, ffaa, 3738, 37, 3742, 3737, 22
pf,3742,"CRT","TRUE",'instance-of',sk119,'temporal-region',sk119,,<--,374, BFO-ptm-1, ffaa, 3738, 3737
nf,3741,"OR-3","TRUE",'instance-of',sk1,occurrent,sk119,,<--,795, BFO-xot-1, mpp, 3738
nf,3740,"OR-3","TRUE",'exists-at',sk1,sk119,,,<--,270, BFO-bee-1, mpp, 3739, 3738, 37
nf,3739,"OR-3","TRUE",'instance-of',sk119,'temporal-region',sk119,,<--,258, BFO-lqn-1, mpp, 3738
nf,3738,"OR-3","TRUE",'instance-of',sk1,'process-boundary',sk119,,<--,373, BFO-ccz-1, mppa, 79, 53
nf,3737,"OR-3","TRUE",'instance-of',sk1,process,sk119,,<--,373, BFO-ccz-1, mppa, 79, 53
nf,3736,"OR-3","TRUE",'instance-of',p,'process-boundary',sk101,,<--,373, BFO-ccz-1, mppa, 108, 79
nf,3735,"OR-3","TRUE",'instance-of',sk1,'process-boundary',sk28,,<--,374, BFO-ptm-1, mppa, 126, 30
nf,3734,"OR-3","TRUE",'instance-of',sk1,process,sk28,,<--,374, BFO-ptm-1, mppa, 126, 30
pf,3200,"CRT","TRUE",'instance-of',p,process,sk101,,<--,373, BFO-ccz-1, rana, 79, 108
pf,3194,"CRT","TRUE",'instance-of',sk101,'temporal-region',sk101,,<--,374, BFO-ptm-1, ffaa, 3190, 3189
pf,3193,"CRT","TRUE",'instance-of',p,occurrent,sk101,,<--,374, BFO-ptm-1, ffaa, 3190, 3189
nf,3192,"OR-2","TRUE",'instance-of',sk101,'temporal-region',sk101,,<--,258, BFO-lqn-1, mpp, 3190
nf,3191,"OR-2","TRUE",'instance-of',p,occurrent,sk101,,<--,795, BFO-xot-1, mpp, 3190
nf,3190,"OR-2","TRUE",'instance-of',p,'process-boundary',sk101,,<--,373, BFO-ccz-1, mppa, 108, 79
nf,3189,"OR-2","TRUE",'instance-of',p,process,sk101,,<--,373, BFO-ccz-1, mppa, 108, 79
nf,3188,"OR-2","TRUE",'instance-of',sk1,'process-boundary',sk28,,<--,374, BFO-ptm-1, mppa, 126, 30
nf,3187,"OR-2","TRUE",'instance-of',sk1,process,sk28,,<--,374, BFO-ptm-1, mppa, 126, 30
pf,2398,"CRT","TRUE",'instance-of',p,process,sk5,,<--,103, BFOCE-ins-03, rana, 79, 125
pf,837,"CRT","TRUE",'instance-of',sk1,occurrent,sk28,,<--,374, BFO-ptm-1, ffaa, 831, 830
pf,836,"CRT","TRUE",'exists-at',sk1,sk28,,,<--,374, BFO-ptm-1, ffaa, 831, 37, 835, 830, 22
pf,835,"CRT","TRUE",'instance-of',sk28,'temporal-region',sk28,,<--,374, BFO-ptm-1, ffaa, 831, 830
nf,834,"OR-1","TRUE",'instance-of',sk1,occurrent,sk28,,<--,795, BFO-xot-1, mpp, 831
nf,833,"OR-1","TRUE",'exists-at',sk1,sk28,,,<--,270, BFO-bee-1, mpp, 832, 831, 37
nf,832,"OR-1","TRUE",'instance-of',sk28,'temporal-region',sk28,,<--,258, BFO-lqn-1, mpp, 831
nf,831,"OR-1","TRUE",'instance-of',sk1,'process-boundary',sk28,,<--,374, BFO-ptm-1, mppa, 126, 30
nf,830,"OR-1","TRUE",'instance-of',sk1,process,sk28,,<--,374, BFO-ptm-1, mppa, 126, 30
pf,730,"CRT","FALSE",'has-last-instant',sk11,t1,,,<--,672, BFO-ogd-1, mtt, 677, 193
pf,729,"CRT","FALSE",'is-concretized-by',sk11,t,t1,,<--,274, BFO-zba-1, mtt, 678
pf,728,"CRT","FALSE",'has-participant',sk11,t,t1,,<--,442, BFO-xjr-1, mtt, 679
pf,727,"CRT","FALSE",'is-concretized-by',sk11,t1,t1,,<--,274, BFO-zba-1, mtt, 680
pf,726,"CRT","FALSE",'has-participant',sk11,t1,t1,,<--,442, BFO-xjr-1, mtt, 681
pf,725,"CRT","FALSE",'history-of',sk11,t1,,,<--,305, BFO-lga-1, mtt, 681, 76
pf,724,"CRT","FALSE",'first-instant-of',t,t,,,<--,661, BFO-bon-1, mtt, 682
pf,723,"CRT","FALSE",'individuates-at',p,t,,,<--,66, BFOCE-ind-03, mtt, 682, 4
pf,722,"CRT","FALSE",'has-participant',sk11,p,t1,,<--,442, BFO-xjr-1, mtt, 683
pf,721,"CRT","FALSE",'is-concretized-by',sk11,t,t,,<--,274, BFO-zba-1, mtt, 684
pf,720,"CRT","FALSE",'has-participant',sk11,t,t,,<--,442, BFO-xjr-1, mtt, 685
pf,719,"CRT","FALSE",'history-of',sk11,t,,,<--,305, BFO-lga-1, mtt, 685, 67
pf,718,"CRT","FALSE",'has-participant',sk11,p,t,,<--,442, BFO-xjr-1, mtt, 686
pf,717,"CRT","FALSE",'history-of',sk11,p,,,<--,305, BFO-lga-1, mtt, 686, 24
pf,716,"CRT","FALSE",'occupies-spatiotemporal-region',c,sk12,,,<--,523, BFO-cur-1, mtt, 687, 85
pf,715,"CRT","FALSE",'occupies-spatiotemporal-region',t1,sk12,,,<--,523, BFO-cur-1, mtt, 688, 85
pf,714,"CRT","FALSE",'occupies-spatiotemporal-region',t,sk12,,,<--,523, BFO-cur-1, mtt, 694, 85
pf,713,"CRT","FALSE",'first-instant-of',t1,t,,,<--,661, BFO-bon-1, mtt, 697
pf,712,"CRT","FALSE",'individuates-at',p,t1,,,<--,66, BFOCE-ind-03, mtt, 697, 4
pf,711,"CRT","FALSE",'has-temporal-part',sk11,t1,,,<--,663, BFO-boo-1, mtt, 701
pf,710,"CRT","FALSE",'occurrent-part-of',t1,sk11,,,<--,368, BFO-cmy-2, mtt, 701, 11, 190
pf,709,"CRT","FALSE",'exists-throughout',c,sk11,,,<--,29, BFOCE-ett-02, mtt, 701, 16
pf,708,"CRT","FALSE",'exists-throughout',t1,sk11,,,<--,29, BFOCE-ett-02, mtt, 701, 76
pf,707,"CRT","FALSE",'exists-throughout',t,sk11,,,<--,29, BFOCE-ett-02, mtt, 701, 92
pf,706,"CRT","FALSE",'occurrent-part-of',sk11,t1,,,<--,368, BFO-cmy-2, mtt, 702, 11, 190
pf,705,"CRT","FALSE",'exists-throughout',sk11,t1,,,<--,29, BFOCE-ett-02, mtt, 702, 195
pf,704,"CRT","FALSE",'instance-of',p,'temporal-region',sk26,,<--,180, BFOCE-tlo-01, mpt, 698
pf,703,"CRT","FALSE",precedes,t1,sk11,,,<--,409, BFO-hew-1, mpt, 699
pf,702,"CRT","FALSE",'temporal-part-of',sk11,t1,,,<--,417, BFO-aou-1, mpt, 198, 699
pf,701,"CRT","FALSE",'temporal-part-of',t1,sk11,,,<--,418, BFO-aou-1, mpt, 81, 699
pf,700,"CRT","TRUE",'preceded-by',t1,sk11,,,<--,407, BFO-tib-1, mpp, 699
pf,699,"CRT","TRUE",precedes,sk11,t1,,,<--,415, BFO-rzv-1, mtp, 5, 70, 647
pf,698,"CRT","TRUE",'temporal-layer-of',p,p,,,<--,183, BFOCE-tlo-01, mtp, 4, 57, 462
pf,697,"CRT","FALSE",'has-first-instant',t,t1,,,<--,415, BFO-rzv-1, mtt, 385, 647, 5
pf,696,"CRT","FALSE",'ceases-to-exist-at',t,t1,,,<--,81, BFOCE-ter-02, mtt, 376, 398
pf,695,"CRT","FALSE",'individuates-at',t,t1,,,<--,65, BFOCE-ind-02, mtt, 376, 398
pf,694,"CRT","FALSE",'occupies-temporal-region',t,t1,,,<--,33, BFOCE-ett-03, mtt, 396, 398
pf,693,"CRT","FALSE",'ceases-to-exist-at',t,t,,,<--,81, BFOCE-ter-02, mtt, 402, 442
pf,692,"CRT","FALSE",'individuates-at',t,t,,,<--,65, BFOCE-ind-02, mtt, 402, 442
pf,691,"CRT","FALSE",'occupies-temporal-region',t,t,,,<--,33, BFOCE-ett-03, mtt, 440, 442
pf,690,"CRT","FALSE",'ceases-to-exist-at',t1,t1,,,<--,81, BFOCE-ter-02, mtt, 384, 451
pf,689,"CRT","FALSE",'individuates-at',t1,t1,,,<--,65, BFOCE-ind-02, mtt, 384, 451
pf,688,"CRT","FALSE",'occupies-temporal-region',t1,t1,,,<--,33, BFOCE-ett-03, mtt, 449, 451
pf,687,"CRT","FALSE",'occupies-temporal-region',c,t1,,,<--,33, BFOCE-ett-03, mtt, 478, 480
pf,686,"CRT","FALSE",'participates-in',p,sk11,t,,<--,446, BFO-ild-1, mtt, 526, 527, 528
pf,685,"CRT","FALSE",'participates-in',t,sk11,t,,<--,446, BFO-ild-1, mtt, 575, 576, 577
pf,684,"CRT","FALSE",concretizes,t,sk11,t,,<--,285, BFO-rog-1, mtt, 442, 577
pf,683,"CRT","FALSE",'participates-in',p,sk11,t1,,<--,446, BFO-ild-1, mtt, 600, 601, 602
pf,682,"CRT","FALSE",'has-first-instant',t,t,,,<--,415, BFO-rzv-1, mtt, 604, 647, 5
pf,681,"CRT","FALSE",'participates-in',t1,sk11,t1,,<--,446, BFO-ild-1, mtt, 614, 615, 616
pf,680,"CRT","FALSE",concretizes,t1,sk11,t1,,<--,285, BFO-rog-1, mtt, 451, 616
pf,679,"CRT","FALSE",'participates-in',t,sk11,t1,,<--,446, BFO-ild-1, mtt, 629, 630, 631
pf,678,"CRT","FALSE",concretizes,t,sk11,t1,,<--,285, BFO-rog-1, mtt, 398, 631
pf,677,"CRT","FALSE",identical,t1,sk11,,,<--,420, BFO-suk-1, mtt, 333, 647, 5, 70
pf,676,"CRT","FALSE",'instance-of',sk13,'object-aggregate',sk14,,<--,801, BFO-fda-1, mtt, 260
pf,675,"CRT","FALSE",'instance-of',sk13,object,sk14,,<--,790, BFO-vbm-1, mtt, 260
pf,674,"CRT","FALSE",'has-material-basis',sk13,sk13,sk14,,<--,632, BFO-cfs-1, mtt, 260
pf,673,"CRT","FALSE",'instance-of','independent-continuant',sk13,sk13,,<--,260, BFO-lqn-1, mtt, 262
pf,672,"CRT","FALSE",'exists-at','independent-continuant',sk13,,,<--,257, BFO-oap-1, mtt, 262
pf,671,"CRT","FALSE",'exists-at',sk13,'independent-continuant',,,<--,256, BFO-oap-1, mtt, 262
pf,670,"CRT","FALSE",'exists-throughout','independent-continuant',sk13,,,<--,26, BFOCE-ett-01, mtt, 262
pf,669,"CRT","FALSE",'inheres-in',sk13,sk13,,,<--,647, BFO-tht-1, mtt, 263
pf,668,"CRT","FALSE",'specifically-depended-on-by',sk13,sk13,,,<--,621, BFO-yct-1, mtt, 263
pf,667,"CRT","FALSE",concretizes,sk14,sk13,sk14,,<--,284, BFO-rog-1, mtt, 273
pf,666,"CRT","FALSE",'instance-of',sk13,'realizable-entity',sk14,,<--,825, BFO-qix-1, mtt, 274
pf,665,"CRT","FALSE",'instance-of',sk13,quality,sk14,,<--,810, BFO-nbm-1, mtt, 274
pf,664,"CRT","FALSE",'instance-of','immaterial-entity',sk25,sk25,,<--,260, BFO-lqn-1, mtt, 276
pf,663,"CRT","FALSE",'exists-at','immaterial-entity',sk25,,,<--,257, BFO-oap-1, mtt, 276
pf,662,"CRT","FALSE",'exists-at',sk25,'immaterial-entity',,,<--,256, BFO-oap-1, mtt, 276
pf,661,"CRT","FALSE",'exists-throughout','immaterial-entity',sk25,,,<--,26, BFOCE-ett-01, mtt, 276
pf,660,"CRT","FALSE",'instance-of','three-dimensional-spatial-region',sk25,sk25,,<--,260, BFO-lqn-1, mtt, 290
pf,659,"CRT","FALSE",'exists-at','three-dimensional-spatial-region',sk25,,,<--,257, BFO-oap-1, mtt, 290
pf,658,"CRT","FALSE",'exists-at',sk25,'three-dimensional-spatial-region',,,<--,256, BFO-oap-1, mtt, 290
pf,657,"CRT","FALSE",'exists-throughout','three-dimensional-spatial-region',sk25,,,<--,26, BFOCE-ett-01, mtt, 290
pf,656,"CRT","FALSE",'has-first-instant',t,sk16,,,<--,673, BFO-fwf-1, mtt, 303, 70
pf,655,"CRT","FALSE",'member-part-of',sk15,sk13,sk14,,<--,344, BFO-evk-1, mtt, 319
pf,654,"CRT","FALSE",'has-proper-continuant-part',sk13,sk15,sk14,,<--,191, BFO-hpm-1, mtt, 319
pf,653,"CRT","FALSE",'instance-of','spatial-region',sk11,sk11,,<--,260, BFO-lqn-1, mtt, 322
pf,652,"CRT","FALSE",'exists-at','spatial-region',sk11,,,<--,257, BFO-oap-1, mtt, 322
pf,651,"CRT","FALSE",'exists-at',sk11,'spatial-region',,,<--,256, BFO-oap-1, mtt, 322
pf,650,"CRT","FALSE",'exists-throughout','spatial-region',sk11,,,<--,26, BFOCE-ett-01, mtt, 322
pf,649,"CRT","FALSE",'instance-of',t,'temporal-instant',t1,,<--,821, BFO-bjp-1, mtt, 328
pf,648,"CRT","FALSE",'preceded-by',t,t,,,<--,408, BFO-tib-1, mtt, 333
pf,647,"CRT","FALSE",'instance-of',t,'temporal-instant',t,,<--,821, BFO-bjp-1, mtt, 357
pf,646,"CRT","FALSE",'has-temporal-part',t1,t,,,<--,701, BFO-bnt-2, mtt, 357, 75
pf,645,"CRT","FALSE",'has-temporal-part',sk11,t,,,<--,701, BFO-bnt-2, mtt, 357, 194
pf,644,"CRT","FALSE",'instance-of','one-dimensional-temporal-region',sk14,sk14,,<--,260, BFO-lqn-1, mtt, 358
pf,643,"CRT","FALSE",'exists-at','one-dimensional-temporal-region',sk14,,,<--,257, BFO-oap-1, mtt, 358
pf,642,"CRT","FALSE",'exists-at',sk14,'one-dimensional-temporal-region',,,<--,256, BFO-oap-1, mtt, 358
pf,641,"CRT","FALSE",'exists-throughout','one-dimensional-temporal-region',sk14,,,<--,26, BFOCE-ett-01, mtt, 358
pf,640,"CRT","FALSE",'instance-of',sk13,'fiat-point',sk14,,<--,806, BFO-xlm-1, mtt, 359
pf,639,"CRT","FALSE",'instance-of',sk13,'fiat-line',sk14,,<--,804, BFO-dhy-1, mtt, 359
pf,638,"CRT","FALSE",'instance-of',sk13,'fiat-surface',sk14,,<--,203, BFO-ysp-1, mtt, 359, 249
pf,637,"CRT","FALSE",'location-of',sk13,sk13,sk14,,<--,459, BFO-kaw-1, mtt, 362
pf,636,"CRT","FALSE",'is-carrier-of',sk13,sk14,sk14,,<--,276, BFO-mvp-1, mtt, 364
pf,635,"CRT","FALSE",'instance-of','spatiotemporal-region',sk8,sk8,,<--,260, BFO-lqn-1, mtt, 370
pf,634,"CRT","FALSE",'exists-at','spatiotemporal-region',sk8,,,<--,257, BFO-oap-1, mtt, 370
pf,633,"CRT","FALSE",'exists-at',sk8,'spatiotemporal-region',,,<--,256, BFO-oap-1, mtt, 370
pf,632,"CRT","FALSE",'exists-throughout','spatiotemporal-region',sk8,,,<--,26, BFOCE-ett-01, mtt, 370
pf,631,"CRT","FALSE",'instance-of',t,'specifically-dependent-continuant',t1,,<--,814, BFO-dhv-1, mtt, 376
pf,630,"CRT","FALSE",'instance-of',t,'generically-dependent-continuant',t1,,<--,813, BFO-zyw-1, mtt, 376
pf,629,"CRT","FALSE",'instance-of',t,'independent-continuant',t1,,<--,803, BFO-wyq-1, mtt, 376
pf,628,"CRT","FALSE",'proper-continuant-part-of',t,sk8,t1,,<--,217, BFO-kte-1, mtt, 376
pf,627,"CRT","FALSE",'proper-continuant-part-of',sk8,t,t1,,<--,216, BFO-kte-1, mtt, 376
pf,626,"CRT","FALSE",'continuant-part-of',t,sk8,t1,,<--,212, BFO-bdd-1, mtt, 376
pf,625,"CRT","FALSE",'continuant-part-of',sk8,t,t1,,<--,211, BFO-bdd-1, mtt, 376
pf,624,"CRT","FALSE",'replaces-type',t,sk8,sk8,t1,<--,139, BFOCE-trp-02, mtt, 376
pf,623,"CRT","FALSE",'loses-type',t,sk8,t1,,<--,124, BFOCE-gen-02, mtt, 376
pf,622,"CRT","FALSE",'gains-type',t,sk8,t1,,<--,109, BFOCE-spe-02, mtt, 376
pf,621,"CRT","FALSE",'happens-to',sk8,t,t1,,<--,46, BFOCE-cha-02, mtt, 376
pf,620,"CRT","FALSE",'instance-of','zero-dimensional-temporal-region',sk8,sk8,,<--,260, BFO-lqn-1, mtt, 383
pf,619,"CRT","FALSE",'exists-at','zero-dimensional-temporal-region',sk8,,,<--,257, BFO-oap-1, mtt, 383
pf,618,"CRT","FALSE",'exists-at',sk8,'zero-dimensional-temporal-region',,,<--,256, BFO-oap-1, mtt, 383
pf,617,"CRT","FALSE",'exists-throughout','zero-dimensional-temporal-region',sk8,,,<--,26, BFOCE-ett-01, mtt, 383
pf,616,"CRT","FALSE",'instance-of',t1,'specifically-dependent-continuant',t1,,<--,814, BFO-dhv-1, mtt, 384
pf,615,"CRT","FALSE",'instance-of',t1,'generically-dependent-continuant',t1,,<--,813, BFO-zyw-1, mtt, 384
pf,614,"CRT","FALSE",'instance-of',t1,'independent-continuant',t1,,<--,803, BFO-wyq-1, mtt, 384
pf,613,"CRT","FALSE",'proper-continuant-part-of',t1,sk8,t1,,<--,217, BFO-kte-1, mtt, 384
pf,612,"CRT","FALSE",'proper-continuant-part-of',sk8,t1,t1,,<--,216, BFO-kte-1, mtt, 384
pf,611,"CRT","FALSE",'continuant-part-of',t1,sk8,t1,,<--,212, BFO-bdd-1, mtt, 384
pf,610,"CRT","FALSE",'continuant-part-of',sk8,t1,t1,,<--,211, BFO-bdd-1, mtt, 384
pf,609,"CRT","FALSE",'replaces-type',t1,sk8,sk8,t1,<--,139, BFOCE-trp-02, mtt, 384
pf,608,"CRT","FALSE",'loses-type',t1,sk8,t1,,<--,124, BFOCE-gen-02, mtt, 384
pf,607,"CRT","FALSE",'gains-type',t1,sk8,t1,,<--,109, BFOCE-spe-02, mtt, 384
pf,606,"CRT","FALSE",'happens-to',sk8,t1,t1,,<--,46, BFOCE-cha-02, mtt, 384
pf,605,"CRT","FALSE",precedes,t1,t,,,<--,414, BFO-wix-1, mtt, 385, 83, 84
pf,604,"CRT","FALSE",precedes,t,t1,,,<--,414, BFO-wix-1, mtt, 385, 83, 84
pf,603,"CRT","FALSE",'preceded-by',t1,t1,,,<--,408, BFO-tib-1, mtt, 385
pf,602,"CRT","FALSE",'instance-of',p,'specifically-dependent-continuant',t1,,<--,814, BFO-dhv-1, mtt, 389
pf,601,"CRT","FALSE",'instance-of',p,'generically-dependent-continuant',t1,,<--,813, BFO-zyw-1, mtt, 389
pf,600,"CRT","FALSE",'instance-of',p,'independent-continuant',t1,,<--,803, BFO-wyq-1, mtt, 389
pf,599,"CRT","FALSE",'proper-continuant-part-of',p,sk8,t1,,<--,217, BFO-kte-1, mtt, 389
pf,598,"CRT","FALSE",'proper-continuant-part-of',sk8,p,t1,,<--,216, BFO-kte-1, mtt, 389
pf,597,"CRT","FALSE",'continuant-part-of',p,sk8,t1,,<--,212, BFO-bdd-1, mtt, 389
pf,596,"CRT","FALSE",'continuant-part-of',sk8,p,t1,,<--,211, BFO-bdd-1, mtt, 389
pf,595,"CRT","FALSE",'replaces-type',p,sk8,sk8,t1,<--,139, BFOCE-trp-02, mtt, 389
pf,594,"CRT","FALSE",'loses-type',p,sk8,t1,,<--,124, BFOCE-gen-02, mtt, 389
pf,593,"CRT","FALSE",'gains-type',p,sk8,t1,,<--,109, BFOCE-spe-02, mtt, 389
pf,592,"CRT","FALSE",'happens-to',sk8,p,t1,,<--,46, BFOCE-cha-02, mtt, 389
pf,591,"CRT","FALSE",'instance-of',t1,'temporal-interval',t1,,<--,822, BFO-fye-1, mtt, 390
pf,590,"CRT","FALSE",'temporal-part-of',t,t1,,,<--,698, BFO-mei-2, mtt, 390, 120
pf,589,"CRT","FALSE",'instance-of',sk8,t1,sk8,,<--,259, BFO-lqn-1, mtt, 391
pf,588,"CRT","FALSE",'replaces-type',sk8,t1,sk8,sk8,<--,138, BFOCE-trp-02, mtt, 391
pf,587,"CRT","FALSE",'replaces-type',sk8,sk8,t1,sk8,<--,137, BFOCE-trp-02, mtt, 391
pf,586,"CRT","FALSE",'loses-type',sk8,t1,sk8,,<--,123, BFOCE-gen-02, mtt, 391
pf,585,"CRT","FALSE",'gains-type',sk8,t1,sk8,,<--,108, BFOCE-spe-02, mtt, 391
pf,584,"CRT","FALSE",'instance-of','temporal-instant',sk8,sk8,,<--,260, BFO-lqn-1, mtt, 392
pf,583,"CRT","FALSE",'exists-at','temporal-instant',sk8,,,<--,257, BFO-oap-1, mtt, 392
pf,582,"CRT","FALSE",'exists-at',sk8,'temporal-instant',,,<--,256, BFO-oap-1, mtt, 392
pf,581,"CRT","FALSE",'exists-throughout','temporal-instant',sk8,,,<--,26, BFOCE-ett-01, mtt, 392
pf,580,"CRT","FALSE",'spatially-projects-onto',t,sk8,t1,,<--,536, BFO-blj-1, mtt, 397
pf,579,"CRT","FALSE",'instance-of',t,history,t1,,<--,787, BFO-zuj-1, mtt, 398
pf,578,"CRT","FALSE",'participates-in',sk8,t,t1,,<--,449, BFO-ild-1, mtt, 398
pf,577,"CRT","FALSE",'instance-of',t,'specifically-dependent-continuant',t,,<--,814, BFO-dhv-1, mtt, 402
pf,576,"CRT","FALSE",'instance-of',t,'generically-dependent-continuant',t,,<--,813, BFO-zyw-1, mtt, 402
pf,575,"CRT","FALSE",'instance-of',t,'independent-continuant',t,,<--,803, BFO-wyq-1, mtt, 402
pf,574,"CRT","FALSE",'proper-continuant-part-of',t,sk8,t,,<--,217, BFO-kte-1, mtt, 402
pf,573,"CRT","FALSE",'proper-continuant-part-of',sk8,t,t,,<--,216, BFO-kte-1, mtt, 402
pf,572,"CRT","FALSE",'continuant-part-of',t,sk8,t,,<--,212, BFO-bdd-1, mtt, 402
pf,571,"CRT","FALSE",'continuant-part-of',sk8,t,t,,<--,211, BFO-bdd-1, mtt, 402
pf,570,"CRT","FALSE",'replaces-type',t,sk8,sk8,t,<--,139, BFOCE-trp-02, mtt, 402
pf,569,"CRT","FALSE",'loses-type',t,sk8,t,,<--,124, BFOCE-gen-02, mtt, 402
pf,568,"CRT","FALSE",'gains-type',t,sk8,t,,<--,109, BFOCE-spe-02, mtt, 402
pf,567,"CRT","FALSE",'happens-to',sk8,t,t,,<--,46, BFOCE-cha-02, mtt, 402
pf,566,"CRT","FALSE",'instance-of','temporal-region',sk8,sk8,,<--,260, BFO-lqn-1, mtt, 403
pf,565,"CRT","FALSE",'exists-at','temporal-region',sk8,,,<--,257, BFO-oap-1, mtt, 403
pf,564,"CRT","FALSE",'exists-at',sk8,'temporal-region',,,<--,256, BFO-oap-1, mtt, 403
pf,563,"CRT","FALSE",'exists-throughout','temporal-region',sk8,,,<--,26, BFOCE-ett-01, mtt, 403
pf,562,"CRT","FALSE",precedes,p,t,,,<--,438, BFO-wff-1, mtt, 405, 2, 21
pf,561,"CRT","FALSE",precedes,t,p,,,<--,430, BFO-wff-1, mtt, 405, 2, 21
pf,560,"CRT","FALSE",'preceded-by',p,p,,,<--,408, BFO-tib-1, mtt, 405
pf,559,"CRT","FALSE",'instance-of',occurrent,sk8,sk8,,<--,260, BFO-lqn-1, mtt, 406
pf,558,"CRT","FALSE",'exists-at',occurrent,sk8,,,<--,257, BFO-oap-1, mtt, 406
pf,557,"CRT","FALSE",'exists-at',sk8,occurrent,,,<--,256, BFO-oap-1, mtt, 406
pf,556,"CRT","FALSE",'exists-throughout',occurrent,sk8,,,<--,26, BFOCE-ett-01, mtt, 406
pf,555,"CRT","FALSE",'instance-of',sk8,t,sk8,,<--,259, BFO-lqn-1, mtt, 407
pf,554,"CRT","FALSE",'replaces-type',sk8,t,sk8,sk8,<--,138, BFOCE-trp-02, mtt, 407
pf,553,"CRT","FALSE",'replaces-type',sk8,sk8,t,sk8,<--,137, BFOCE-trp-02, mtt, 407
pf,552,"CRT","FALSE",'loses-type',sk8,t,sk8,,<--,123, BFOCE-gen-02, mtt, 407
pf,551,"CRT","FALSE",'gains-type',sk8,t,sk8,,<--,108, BFOCE-spe-02, mtt, 407
pf,550,"CRT","FALSE",'instance-of',t,'specifically-dependent-continuant',sk8,,<--,814, BFO-dhv-1, mtt, 413
pf,549,"CRT","FALSE",'instance-of',t,'generically-dependent-continuant',sk8,,<--,813, BFO-zyw-1, mtt, 413
pf,548,"CRT","FALSE",'instance-of',t,'independent-continuant',sk8,,<--,803, BFO-wyq-1, mtt, 413
pf,547,"CRT","FALSE",'proper-continuant-part-of',t,sk8,sk8,,<--,217, BFO-kte-1, mtt, 413
pf,546,"CRT","FALSE",'proper-continuant-part-of',sk8,t,sk8,,<--,216, BFO-kte-1, mtt, 413
pf,545,"CRT","FALSE",'continuant-part-of',t,sk8,sk8,,<--,212, BFO-bdd-1, mtt, 413
pf,544,"CRT","FALSE",'continuant-part-of',sk8,t,sk8,,<--,211, BFO-bdd-1, mtt, 413
pf,543,"CRT","FALSE",'replaces-type',t,sk8,sk8,sk8,<--,139, BFOCE-trp-02, mtt, 413
pf,542,"CRT","FALSE",'loses-type',t,sk8,sk8,,<--,124, BFOCE-gen-02, mtt, 413
pf,541,"CRT","FALSE",'gains-type',t,sk8,sk8,,<--,109, BFOCE-spe-02, mtt, 413
pf,540,"CRT","FALSE",'happens-to',sk4,t,sk8,,<--,46, BFOCE-cha-02, mtt, 413
pf,539,"CRT","FALSE",'instance-of',sk4,'temporal-instant',sk4,,<--,821, BFO-bjp-1, mtt, 414
pf,538,"CRT","FALSE",'has-temporal-part',t1,sk4,,,<--,701, BFO-bnt-2, mtt, 414, 75
pf,537,"CRT","FALSE",'has-temporal-part',sk11,sk4,,,<--,701, BFO-bnt-2, mtt, 414, 194
pf,536,"CRT","FALSE",'instance-of','temporal-interval',sk25,sk25,,<--,260, BFO-lqn-1, mtt, 416
pf,535,"CRT","FALSE",'exists-at','temporal-interval',sk25,,,<--,257, BFO-oap-1, mtt, 416
pf,534,"CRT","FALSE",'exists-at',sk25,'temporal-interval',,,<--,256, BFO-oap-1, mtt, 416
pf,533,"CRT","FALSE",'exists-throughout','temporal-interval',sk25,,,<--,26, BFOCE-ett-01, mtt, 416
pf,532,"CRT","FALSE",'instance-of','process-boundary',sk25,sk25,,<--,260, BFO-lqn-1, mtt, 423
pf,531,"CRT","FALSE",'exists-at','process-boundary',sk25,,,<--,257, BFO-oap-1, mtt, 423
pf,530,"CRT","FALSE",'exists-at',sk25,'process-boundary',,,<--,256, BFO-oap-1, mtt, 423
pf,529,"CRT","FALSE",'exists-throughout','process-boundary',sk25,,,<--,26, BFOCE-ett-01, mtt, 423
pf,528,"CRT","FALSE",'instance-of',p,'specifically-dependent-continuant',t,,<--,814, BFO-dhv-1, mtt, 437
pf,527,"CRT","FALSE",'instance-of',p,'generically-dependent-continuant',t,,<--,813, BFO-zyw-1, mtt, 437
pf,526,"CRT","FALSE",'instance-of',p,'independent-continuant',t,,<--,803, BFO-wyq-1, mtt, 437
pf,525,"CRT","FALSE",'proper-continuant-part-of',p,sk25,t,,<--,217, BFO-kte-1, mtt, 437
pf,524,"CRT","FALSE",'proper-continuant-part-of',sk25,p,t,,<--,216, BFO-kte-1, mtt, 437
pf,523,"CRT","FALSE",'continuant-part-of',p,sk25,t,,<--,212, BFO-bdd-1, mtt, 437
pf,522,"CRT","FALSE",'continuant-part-of',sk25,p,t,,<--,211, BFO-bdd-1, mtt, 437
pf,521,"CRT","FALSE",'replaces-type',p,sk25,sk25,t,<--,139, BFOCE-trp-02, mtt, 437
pf,520,"CRT","FALSE",'loses-type',p,sk25,t,,<--,124, BFOCE-gen-02, mtt, 437
pf,519,"CRT","FALSE",'gains-type',p,sk25,t,,<--,109, BFOCE-spe-02, mtt, 437
pf,518,"CRT","FALSE",'happens-to',sk25,p,t,,<--,46, BFOCE-cha-02, mtt, 437
pf,517,"CRT","FALSE",'instance-of',process,sk25,sk25,,<--,260, BFO-lqn-1, mtt, 438
pf,516,"CRT","FALSE",'exists-at',process,sk25,,,<--,257, BFO-oap-1, mtt, 438
pf,515,"CRT","FALSE",'exists-at',sk25,process,,,<--,256, BFO-oap-1, mtt, 438
pf,514,"CRT","FALSE",'exists-throughout',process,sk25,,,<--,26, BFOCE-ett-01, mtt, 438
pf,513,"CRT","FALSE",'instance-of',sk25,p,sk25,,<--,259, BFO-lqn-1, mtt, 439
pf,512,"CRT","FALSE",'replaces-type',sk25,p,sk25,sk25,<--,138, BFOCE-trp-02, mtt, 439
pf,511,"CRT","FALSE",'replaces-type',sk25,sk25,p,sk25,<--,137, BFOCE-trp-02, mtt, 439
pf,510,"CRT","FALSE",'loses-type',sk25,p,sk25,,<--,123, BFOCE-gen-02, mtt, 439
pf,509,"CRT","FALSE",'gains-type',sk25,p,sk25,,<--,108, BFOCE-spe-02, mtt, 439
pf,508,"CRT","FALSE",'spatially-projects-onto',t,sk25,t,,<--,536, BFO-blj-1, mtt, 441
pf,507,"CRT","FALSE",'instance-of',t,history,t,,<--,787, BFO-zuj-1, mtt, 442
pf,506,"CRT","FALSE",'participates-in',sk25,t,t,,<--,449, BFO-ild-1, mtt, 442
pf,505,"CRT","FALSE",'occupies-temporal-region',p,sk24,,,<--,512, BFO-wzd-1, mtt, 443, 21
pf,504,"CRT","FALSE",'exists-throughout',p,sk24,,,<--,34, BFOCE-ett-04, mtt, 443, 4
pf,503,"CRT","FALSE",'instance-of',sk25,c,sk25,,<--,259, BFO-lqn-1, mtt, 444
pf,502,"CRT","FALSE",'replaces-type',sk25,c,sk25,sk25,<--,138, BFOCE-trp-02, mtt, 444
pf,501,"CRT","FALSE",'replaces-type',sk25,sk25,c,sk25,<--,137, BFOCE-trp-02, mtt, 444
pf,500,"CRT","FALSE",'loses-type',sk25,c,sk25,,<--,123, BFOCE-gen-02, mtt, 444
pf,499,"CRT","FALSE",'gains-type',sk25,c,sk25,,<--,108, BFOCE-spe-02, mtt, 444
pf,498,"CRT","FALSE",'instance-of',continuant,sk25,sk25,,<--,260, BFO-lqn-1, mtt, 445
pf,497,"CRT","FALSE",'exists-at',continuant,sk25,,,<--,257, BFO-oap-1, mtt, 445
pf,496,"CRT","FALSE",'exists-at',sk25,continuant,,,<--,256, BFO-oap-1, mtt, 445
pf,495,"CRT","FALSE",'exists-throughout',continuant,sk25,,,<--,26, BFOCE-ett-01, mtt, 445
pf,494,"CRT","FALSE",'instance-of',p,'zero-dimensional-temporal-region',t1,,<--,820, BFO-pvu-1, mtt, 446
pf,493,"CRT","FALSE",'instance-of',p,'one-dimensional-temporal-region',t1,,<--,818, BFO-fpd-1, mtt, 446
pf,492,"CRT","FALSE",'spatially-projects-onto',p,sk25,t1,,<--,536, BFO-blj-1, mtt, 448
pf,491,"CRT","FALSE",'spatially-projects-onto',t1,sk25,t1,,<--,536, BFO-blj-1, mtt, 450
pf,490,"CRT","FALSE",'instance-of',t1,history,t1,,<--,787, BFO-zuj-1, mtt, 451
pf,489,"CRT","FALSE",'participates-in',sk25,t1,t1,,<--,449, BFO-ild-1, mtt, 451
pf,488,"CRT","FALSE",'has-first-instant',t1,sk25,,,<--,673, BFO-fwf-1, mtt, 452, 73
pf,487,"CRT","FALSE",'has-last-instant',t,sk25,,,<--,672, BFO-ogd-1, mtt, 452, 5
pf,486,"CRT","FALSE",'has-last-instant',t1,sk25,,,<--,672, BFO-ogd-1, mtt, 452, 74
pf,485,"CRT","FALSE",'temporally-projects-onto',sk12,sk25,,,<--,513, BFO-jtq-1, mtt, 452, 85
pf,484,"CRT","FALSE",'has-proper-temporal-part',c,c,,,<--,667, BFO-dbc-1, mtt, 453
pf,483,"CRT","FALSE",'is-sequence-part-of',c,c,,,<--,167, BFOCE-chs-02, mtt, 453
pf,482,"CRT","FALSE",'has-proper-occurrent-part',c,c,,,<--,349, BFO-wim-1, mtt, 454
pf,481,"CRT","FALSE",'instance-of',c,'spatiotemporal-region',t1,,<--,799, BFO-les-1, mtt, 455
pf,480,"CRT","FALSE",'instance-of',c,'process-boundary',t1,,<--,795, BFO-xot-1, mtt, 455
pf,479,"CRT","FALSE",'instance-of',c,'temporal-region',t1,,<--,793, BFO-ejl-1, mtt, 455
pf,478,"CRT","FALSE",'instance-of',c,process,t1,,<--,788, BFO-lso-1, mtt, 455
pf,477,"CRT","FALSE",'instance-of',c,change,t1,,<--,42, BFOCE-cha-01, mtt, 455
pf,476,"CRT","FALSE",'has-proper-temporal-part',t1,t1,,,<--,667, BFO-dbc-1, mtt, 456
pf,475,"CRT","FALSE",'is-sequence-part-of',t1,t1,,,<--,167, BFOCE-chs-02, mtt, 456
pf,474,"CRT","FALSE",'has-proper-occurrent-part',t1,t1,,,<--,349, BFO-wim-1, mtt, 457
pf,473,"CRT","FALSE",'has-proper-temporal-part',t,t,,,<--,667, BFO-dbc-1, mtt, 458
pf,472,"CRT","FALSE",'is-sequence-part-of',t,t,,,<--,167, BFOCE-chs-02, mtt, 458
pf,471,"CRT","FALSE",'has-proper-occurrent-part',t,t,,,<--,349, BFO-wim-1, mtt, 459
pf,470,"CRT","FALSE",'has-proper-temporal-part',p,p,,,<--,667, BFO-dbc-1, mtt, 460
pf,469,"CRT","FALSE",'is-sequence-part-of',p,p,,,<--,167, BFOCE-chs-02, mtt, 460
pf,468,"CRT","FALSE",'has-proper-occurrent-part',p,p,,,<--,349, BFO-wim-1, mtt, 461
pf,467,"CRT","FALSE",'instance-of',p,'zero-dimensional-temporal-region',t,,<--,820, BFO-pvu-1, mtt, 462
pf,466,"CRT","FALSE",'instance-of',p,'one-dimensional-temporal-region',t,,<--,818, BFO-fpd-1, mtt, 462
pf,465,"CRT","FALSE",'spatially-projects-onto',p,sk25,t,,<--,536, BFO-blj-1, mtt, 464
pf,464,"CRT","FALSE",'instance-of',p,'spatiotemporal-region',t,,<--,860, BFO-mem-1, mpt, 1
pf,463,"CRT","FALSE",'instance-of',p,'process-boundary',t,,<--,861, BFO-mem-1, mpt, 1
pf,462,"CRT","FALSE",'instance-of',p,'temporal-region',t,,<--,862, BFO-mem-1, mpt, 1
pf,461,"CRT","FALSE",'proper-occurrent-part-of',p,p,,,<--,353, BFO-okr-1, mpt, 2
pf,460,"CRT","FALSE",'proper-temporal-part-of',p,p,,,<--,675, BFO-aeu-1, mpt, 2
pf,459,"CRT","FALSE",'proper-occurrent-part-of',t,t,,,<--,353, BFO-okr-1, mpt, 3
pf,458,"CRT","FALSE",'proper-temporal-part-of',t,t,,,<--,675, BFO-aeu-1, mpt, 3
pf,457,"CRT","FALSE",'proper-occurrent-part-of',t1,t1,,,<--,353, BFO-okr-1, mpt, 6
pf,456,"CRT","FALSE",'proper-temporal-part-of',t1,t1,,,<--,675, BFO-aeu-1, mpt, 6
pf,455,"CRT","FALSE",'instance-of',c,occurrent,t1,,<--,798, BFO-wrf-1, mpt, 7
pf,454,"CRT","FALSE",'proper-occurrent-part-of',c,c,,,<--,353, BFO-okr-1, mpt, 8
pf,453,"CRT","FALSE",'proper-temporal-part-of',c,c,,,<--,675, BFO-aeu-1, mpt, 8
pf,452,"CRT","FALSE",identical,sk25,t1,,,<--,264, BFO-nis-1, mpt, 11
pf,451,"CRT","FALSE",'instance-of',t1,process,t1,,<--,862, BFO-mem-1, mpt, 11
pf,450,"CRT","FALSE",'instance-of',t1,'spatiotemporal-region',t1,,<--,864, BFO-mem-1, mpt, 11
pf,449,"CRT","FALSE",'instance-of',t1,'process-boundary',t1,,<--,865, BFO-mem-1, mpt, 11
pf,448,"CRT","FALSE",'instance-of',p,'spatiotemporal-region',t1,,<--,860, BFO-mem-1, mpt, 12
pf,447,"CRT","FALSE",'instance-of',p,'process-boundary',t1,,<--,861, BFO-mem-1, mpt, 12
pf,446,"CRT","FALSE",'instance-of',p,'temporal-region',t1,,<--,862, BFO-mem-1, mpt, 12
pf,445,"CRT","FALSE",particular,continuant,,,,<--,786, BFO-qkp-1, mpt, 13
pf,444,"CRT","FALSE",universal,c,,,,<--,786, BFO-qkp-1, mpt, 14
pf,443,"CRT","FALSE",identical,sk24,t,,,<--,264, BFO-nis-1, mpt, 19
pf,442,"CRT","FALSE",'instance-of',t,process,t,,<--,862, BFO-mem-1, mpt, 19
pf,441,"CRT","FALSE",'instance-of',t,'spatiotemporal-region',t,,<--,864, BFO-mem-1, mpt, 19
pf,440,"CRT","FALSE",'instance-of',t,'process-boundary',t,,<--,865, BFO-mem-1, mpt, 19
pf,439,"CRT","FALSE",universal,p,,,,<--,786, BFO-qkp-1, mpt, 20
pf,438,"CRT","FALSE",particular,process,,,,<--,786, BFO-qkp-1, mpt, 22
pf,437,"CRT","FALSE",'instance-of',p,continuant,t,,<--,798, BFO-wrf-1, mpt, 23
pf,436,"CRT","FALSE",'instance-of',sk1,process,sk5,,<--,861, BFO-mem-1, mpt, 30
pf,435,"CRT","FALSE",'instance-of',sk1,'spatiotemporal-region',sk5,,<--,863, BFO-mem-1, mpt, 30
pf,434,"CRT","FALSE",'instance-of',sk1,'temporal-region',sk5,,<--,865, BFO-mem-1, mpt, 30
pf,433,"CRT","FALSE",identical,sk23,sk6,,,<--,264, BFO-nis-1, mpt, 34
pf,432,"CRT","FALSE",'instance-of',sk6,process,sk6,,<--,862, BFO-mem-1, mpt, 34
pf,431,"CRT","FALSE",'instance-of',sk6,'spatiotemporal-region',sk6,,<--,864, BFO-mem-1, mpt, 34
pf,430,"CRT","FALSE",'instance-of',sk6,'process-boundary',sk6,,<--,865, BFO-mem-1, mpt, 34
pf,429,"CRT","FALSE",'proper-occurrent-part-of',sk7,sk7,,,<--,353, BFO-okr-1, mpt, 35
pf,428,"CRT","FALSE",'proper-temporal-part-of',sk7,sk7,,,<--,675, BFO-aeu-1, mpt, 35
pf,427,"CRT","FALSE",identical,sk22,sk5,,,<--,264, BFO-nis-1, mpt, 36
pf,426,"CRT","FALSE",'instance-of',sk5,process,sk5,,<--,862, BFO-mem-1, mpt, 36
pf,425,"CRT","FALSE",'instance-of',sk5,'spatiotemporal-region',sk5,,<--,864, BFO-mem-1, mpt, 36
pf,424,"CRT","FALSE",'instance-of',sk5,'process-boundary',sk5,,<--,865, BFO-mem-1, mpt, 36
pf,423,"CRT","FALSE",particular,'process-boundary',,,,<--,786, BFO-qkp-1, mpt, 37
pf,422,"CRT","FALSE",universal,sk1,,,,<--,786, BFO-qkp-1, mpt, 38
pf,421,"CRT","FALSE",'instance-of',sk1,continuant,sk5,,<--,798, BFO-wrf-1, mpt, 39
pf,420,"CRT","FALSE",identical,sk21,sk4,,,<--,264, BFO-nis-1, mpt, 41
pf,419,"CRT","FALSE",'instance-of',sk4,process,sk4,,<--,862, BFO-mem-1, mpt, 41
pf,418,"CRT","FALSE",'instance-of',sk4,'spatiotemporal-region',sk4,,<--,864, BFO-mem-1, mpt, 41
pf,417,"CRT","FALSE",'instance-of',sk4,'process-boundary',sk4,,<--,865, BFO-mem-1, mpt, 41
pf,416,"CRT","FALSE",particular,'temporal-interval',,,,<--,786, BFO-qkp-1, mpt, 42
pf,415,"CRT","FALSE",universal,sk4,,,,<--,786, BFO-qkp-1, mpt, 43
pf,414,"CRT","FALSE",'instance-of',sk4,'zero-dimensional-temporal-region',sk4,,<--,830, BFO-zkj-1, mpt, 44
pf,413,"CRT","FALSE",'instance-of',t,continuant,sk8,,<--,798, BFO-wrf-1, mpt, 48
pf,412,"CRT","FALSE",'proper-occurrent-part-of',sk3,sk3,,,<--,353, BFO-okr-1, mpt, 49
pf,411,"CRT","FALSE",'proper-temporal-part-of',sk3,sk3,,,<--,675, BFO-aeu-1, mpt, 49
pf,410,"CRT","FALSE",'instance-of',sk3,process,sk9,,<--,860, BFO-mem-1, mpt, 50
pf,409,"CRT","FALSE",'instance-of',sk3,'process-boundary',sk9,,<--,863, BFO-mem-1, mpt, 50
pf,408,"CRT","FALSE",'instance-of',sk3,'temporal-region',sk9,,<--,864, BFO-mem-1, mpt, 50
pf,407,"CRT","FALSE",universal,t,,,,<--,786, BFO-qkp-1, mpt, 54
pf,406,"CRT","FALSE",particular,occurrent,,,,<--,786, BFO-qkp-1, mpt, 56
pf,405,"CRT","FALSE",precedes,p,p,,,<--,418, BFO-aou-1, mpt, 58, 58
pf,404,"CRT","FALSE",'instance-of',p,continuant,sk4,,<--,798, BFO-wrf-1, mpt, 60
pf,403,"CRT","FALSE",particular,'temporal-region',,,,<--,786, BFO-qkp-1, mpt, 63
pf,402,"CRT","FALSE",'instance-of',t,continuant,t,,<--,798, BFO-wrf-1, mpt, 64
pf,401,"CRT","FALSE",'instance-of',t,process,sk4,,<--,862, BFO-mem-1, mpt, 65
pf,400,"CRT","FALSE",'instance-of',t,'spatiotemporal-region',sk4,,<--,864, BFO-mem-1, mpt, 65
pf,399,"CRT","FALSE",'instance-of',t,'process-boundary',sk4,,<--,865, BFO-mem-1, mpt, 65
pf,398,"CRT","FALSE",'instance-of',t,process,t1,,<--,862, BFO-mem-1, mpt, 66
pf,397,"CRT","FALSE",'instance-of',t,'spatiotemporal-region',t1,,<--,864, BFO-mem-1, mpt, 66
pf,396,"CRT","FALSE",'instance-of',t,'process-boundary',t1,,<--,865, BFO-mem-1, mpt, 66
pf,395,"CRT","FALSE",'instance-of',t,process,sk8,,<--,862, BFO-mem-1, mpt, 69
pf,394,"CRT","FALSE",'instance-of',t,'spatiotemporal-region',sk8,,<--,864, BFO-mem-1, mpt, 69
pf,393,"CRT","FALSE",'instance-of',t,'process-boundary',sk8,,<--,865, BFO-mem-1, mpt, 69
pf,392,"CRT","FALSE",particular,'temporal-instant',,,,<--,786, BFO-qkp-1, mpt, 71
pf,391,"CRT","FALSE",universal,t1,,,,<--,786, BFO-qkp-1, mpt, 72
pf,390,"CRT","FALSE",'instance-of',t1,'one-dimensional-temporal-region',t1,,<--,830, BFO-zkj-1, mpt, 75
pf,389,"CRT","FALSE",'instance-of',p,continuant,t1,,<--,798, BFO-wrf-1, mpt, 77
pf,388,"CRT","FALSE",'instance-of',p,'spatiotemporal-region',sk4,,<--,860, BFO-mem-1, mpt, 79
pf,387,"CRT","FALSE",'instance-of',p,'process-boundary',sk4,,<--,861, BFO-mem-1, mpt, 79
pf,386,"CRT","FALSE",'instance-of',p,'temporal-region',sk4,,<--,862, BFO-mem-1, mpt, 79
pf,385,"CRT","FALSE",precedes,t1,t1,,,<--,418, BFO-aou-1, mpt, 81, 81
pf,384,"CRT","FALSE",'instance-of',t1,continuant,t1,,<--,798, BFO-wrf-1, mpt, 82
pf,383,"CRT","FALSE",particular,'zero-dimensional-temporal-region',,,,<--,786, BFO-qkp-1, mpt, 93
pf,382,"CRT","FALSE",'proper-occurrent-part-of',sk11,sk11,,,<--,353, BFO-okr-1, mpt, 98
pf,381,"CRT","FALSE",'proper-temporal-part-of',sk11,sk11,,,<--,675, BFO-aeu-1, mpt, 98
pf,380,"CRT","FALSE",identical,sk20,sk8,,,<--,264, BFO-nis-1, mpt, 99
pf,379,"CRT","FALSE",'instance-of',sk8,process,sk8,,<--,862, BFO-mem-1, mpt, 99
pf,378,"CRT","FALSE",'instance-of',sk8,'spatiotemporal-region',sk8,,<--,864, BFO-mem-1, mpt, 99
pf,377,"CRT","FALSE",'instance-of',sk8,'process-boundary',sk8,,<--,865, BFO-mem-1, mpt, 99
pf,376,"CRT","FALSE",'instance-of',t,continuant,t1,,<--,798, BFO-wrf-1, mpt, 102
pf,375,"CRT","FALSE",'instance-of',t,continuant,sk4,,<--,798, BFO-wrf-1, mpt, 103
pf,374,"CRT","FALSE",identical,sk19,sk9,,,<--,264, BFO-nis-1, mpt, 111
pf,373,"CRT","FALSE",'instance-of',sk9,process,sk9,,<--,862, BFO-mem-1, mpt, 111
pf,372,"CRT","FALSE",'instance-of',sk9,'spatiotemporal-region',sk9,,<--,864, BFO-mem-1, mpt, 111
pf,371,"CRT","FALSE",'instance-of',sk9,'process-boundary',sk9,,<--,865, BFO-mem-1, mpt, 111
pf,370,"CRT","FALSE",particular,'spatiotemporal-region',,,,<--,786, BFO-qkp-1, mpt, 112
pf,369,"CRT","FALSE",universal,sk3,,,,<--,786, BFO-qkp-1, mpt, 113
pf,368,"CRT","FALSE",'instance-of',sk3,continuant,sk9,,<--,798, BFO-wrf-1, mpt, 114
pf,367,"CRT","FALSE",'happens-to',sk14,sk13,sk14,,<--,43, BFOCE-cha-02, mpt, 117
pf,366,"CRT","FALSE",'individuates-at',sk13,sk14,,,<--,63, BFOCE-ind-02, mpt, 117
pf,365,"CRT","FALSE",'ceases-to-exist-at',sk13,sk14,,,<--,79, BFOCE-ter-02, mpt, 117
pf,364,"CRT","FALSE",'generically-depends-on',sk14,sk13,sk14,,<--,289, BFO-ekp-1, mpt, 117
pf,363,"CRT","FALSE",'occupies-spatial-region',sk13,sk13,sk14,,<--,488, BFO-lzw-1, mpt, 117
pf,362,"CRT","FALSE",'located-in',sk13,sk13,sk14,,<--,495, BFO-bge-1, mpt, 117
pf,361,"CRT","FALSE",'located-in',sk14,sk13,sk14,,<--,497, BFO-bge-1, mpt, 117
pf,360,"CRT","FALSE",'instance-of',sk13,site,sk14,,<--,854, BFO-twc-1, mpt, 117
pf,359,"CRT","FALSE",'instance-of',sk13,'continuant-fiat-boundary',sk14,,<--,856, BFO-twc-1, mpt, 117
pf,358,"CRT","FALSE",particular,'one-dimensional-temporal-region',,,,<--,786, BFO-qkp-1, mpt, 119
pf,357,"CRT","FALSE",'instance-of',t,'zero-dimensional-temporal-region',t,,<--,830, BFO-zkj-1, mpt, 120
pf,356,"CRT","FALSE",precedes,sk4,sk4,,,<--,418, BFO-aou-1, mpt, 121, 121
pf,355,"CRT","FALSE",'instance-of',sk4,continuant,sk4,,<--,798, BFO-wrf-1, mpt, 122
pf,354,"CRT","FALSE",universal,sk5,,,,<--,786, BFO-qkp-1, mpt, 124
pf,353,"CRT","FALSE",precedes,sk1,sk1,,,<--,418, BFO-aou-1, mpt, 127, 127
pf,352,"CRT","FALSE",precedes,sk5,sk5,,,<--,418, BFO-aou-1, mpt, 129, 129
pf,351,"CRT","FALSE",'instance-of',sk5,continuant,sk5,,<--,798, BFO-wrf-1, mpt, 130
pf,350,"CRT","FALSE",universal,sk6,,,,<--,786, BFO-qkp-1, mpt, 133
pf,349,"CRT","FALSE",precedes,sk6,sk6,,,<--,418, BFO-aou-1, mpt, 134, 134
pf,348,"CRT","FALSE",'instance-of',sk6,continuant,sk6,,<--,798, BFO-wrf-1, mpt, 135
pf,347,"CRT","FALSE",identical,sk18,sk7,,,<--,264, BFO-nis-1, mpt, 138
pf,346,"CRT","FALSE",'instance-of',sk7,process,sk7,,<--,862, BFO-mem-1, mpt, 138
pf,345,"CRT","FALSE",'instance-of',sk7,'spatiotemporal-region',sk7,,<--,864, BFO-mem-1, mpt, 138
pf,344,"CRT","FALSE",'instance-of',sk7,'process-boundary',sk7,,<--,865, BFO-mem-1, mpt, 138
pf,343,"CRT","FALSE",universal,sk7,,,,<--,786, BFO-qkp-1, mpt, 139
pf,342,"CRT","FALSE",'instance-of',sk7,'one-dimensional-temporal-region',sk7,,<--,830, BFO-zkj-1, mpt, 142
pf,341,"CRT","FALSE",precedes,sk7,sk7,,,<--,418, BFO-aou-1, mpt, 146, 146
pf,340,"CRT","FALSE",'instance-of',sk7,continuant,sk7,,<--,798, BFO-wrf-1, mpt, 147
pf,339,"CRT","FALSE",'proper-occurrent-part-of',sk6,sk6,,,<--,353, BFO-okr-1, mpt, 150
pf,338,"CRT","FALSE",'proper-temporal-part-of',sk6,sk6,,,<--,675, BFO-aeu-1, mpt, 150
pf,337,"CRT","FALSE",'proper-occurrent-part-of',sk5,sk5,,,<--,353, BFO-okr-1, mpt, 154
pf,336,"CRT","FALSE",'proper-temporal-part-of',sk5,sk5,,,<--,675, BFO-aeu-1, mpt, 154
pf,335,"CRT","FALSE",'proper-occurrent-part-of',sk1,sk1,,,<--,353, BFO-okr-1, mpt, 158
pf,334,"CRT","FALSE",'proper-temporal-part-of',sk1,sk1,,,<--,675, BFO-aeu-1, mpt, 158
pf,333,"CRT","FALSE",precedes,t,t,,,<--,418, BFO-aou-1, mpt, 160, 160
pf,332,"CRT","FALSE",'proper-occurrent-part-of',sk4,sk4,,,<--,353, BFO-okr-1, mpt, 162
pf,331,"CRT","FALSE",'proper-temporal-part-of',sk4,sk4,,,<--,675, BFO-aeu-1, mpt, 162
pf,330,"CRT","FALSE",'instance-of',t,'zero-dimensional-temporal-region',sk4,,<--,830, BFO-zkj-1, mpt, 165
pf,329,"CRT","FALSE",'instance-of',t,'zero-dimensional-temporal-region',sk5,,<--,830, BFO-zkj-1, mpt, 166
pf,328,"CRT","FALSE",'instance-of',t,'zero-dimensional-temporal-region',t1,,<--,830, BFO-zkj-1, mpt, 167
pf,327,"CRT","FALSE",'instance-of',t,'zero-dimensional-temporal-region',sk8,,<--,830, BFO-zkj-1, mpt, 168
pf,326,"CRT","FALSE",identical,sk17,sk14,,,<--,264, BFO-nis-1, mpt, 169
pf,325,"CRT","FALSE",'instance-of',sk14,process,sk14,,<--,862, BFO-mem-1, mpt, 169
pf,324,"CRT","FALSE",'instance-of',sk14,'spatiotemporal-region',sk14,,<--,864, BFO-mem-1, mpt, 169
pf,323,"CRT","FALSE",'instance-of',sk14,'process-boundary',sk14,,<--,865, BFO-mem-1, mpt, 169
pf,322,"CRT","FALSE",particular,'spatial-region',,,,<--,786, BFO-qkp-1, mpt, 170
pf,321,"CRT","FALSE",universal,sk13,,,,<--,786, BFO-qkp-1, mpt, 171
pf,320,"CRT","FALSE",'instance-of',sk13,'fiat-object-part',sk14,,<--,320, BFO-yir-1, mpt, 172
pf,319,"CRT","FALSE",'proper-continuant-part-of',sk15,sk13,sk14,,<--,197, BFO-sls-1, mpt, 174
pf,318,"CRT","FALSE",'instance-of',sk15,'zero-dimensional-spatial-region',sk14,,<--,1463, BFO-luc-1, mpt, 175
pf,317,"CRT","FALSE",'instance-of',sk15,'one-dimensional-spatial-region',sk14,,<--,1465, BFO-luc-1, mpt, 175
pf,316,"CRT","FALSE",'instance-of',sk15,'two-dimensional-spatial-region',sk14,,<--,1466, BFO-luc-1, mpt, 175
pf,315,"CRT","FALSE",'instance-of',sk3,process,sk14,,<--,860, BFO-mem-1, mpt, 176
pf,314,"CRT","FALSE",'instance-of',sk3,'process-boundary',sk14,,<--,863, BFO-mem-1, mpt, 176
pf,313,"CRT","FALSE",'instance-of',sk3,'temporal-region',sk14,,<--,864, BFO-mem-1, mpt, 176
pf,312,"CRT","FALSE",'proper-occurrent-part-of',sk13,sk13,,,<--,353, BFO-okr-1, mpt, 177
pf,311,"CRT","FALSE",'proper-temporal-part-of',sk13,sk13,,,<--,675, BFO-aeu-1, mpt, 177
pf,310,"CRT","FALSE",universal,sk9,,,,<--,786, BFO-qkp-1, mpt, 178
pf,309,"CRT","FALSE",precedes,sk3,sk3,,,<--,418, BFO-aou-1, mpt, 179, 179
pf,308,"CRT","FALSE",precedes,sk9,sk9,,,<--,418, BFO-aou-1, mpt, 181, 181
pf,307,"CRT","FALSE",'instance-of',sk9,continuant,sk9,,<--,798, BFO-wrf-1, mpt, 182
pf,306,"CRT","FALSE",universal,sk8,,,,<--,786, BFO-qkp-1, mpt, 185
pf,305,"CRT","FALSE",precedes,sk8,sk8,,,<--,418, BFO-aou-1, mpt, 186, 186
pf,304,"CRT","FALSE",'instance-of',sk8,continuant,sk8,,<--,798, BFO-wrf-1, mpt, 187
pf,303,"CRT","FALSE",identical,sk16,sk11,,,<--,264, BFO-nis-1, mpt, 190
pf,302,"CRT","FALSE",'instance-of',sk11,process,sk11,,<--,862, BFO-mem-1, mpt, 190
pf,301,"CRT","FALSE",'instance-of',sk11,'spatiotemporal-region',sk11,,<--,864, BFO-mem-1, mpt, 190
pf,300,"CRT","FALSE",'instance-of',sk11,'process-boundary',sk11,,<--,865, BFO-mem-1, mpt, 190
pf,299,"CRT","FALSE",universal,sk11,,,,<--,786, BFO-qkp-1, mpt, 191
pf,298,"CRT","FALSE",'instance-of',sk11,'one-dimensional-temporal-region',sk11,,<--,830, BFO-zkj-1, mpt, 194
pf,297,"CRT","FALSE",precedes,sk11,sk11,,,<--,418, BFO-aou-1, mpt, 198, 198
pf,296,"CRT","FALSE",'instance-of',sk11,continuant,sk11,,<--,798, BFO-wrf-1, mpt, 199
pf,295,"CRT","FALSE",'proper-occurrent-part-of',sk8,sk8,,,<--,353, BFO-okr-1, mpt, 202
pf,294,"CRT","FALSE",'proper-temporal-part-of',sk8,sk8,,,<--,675, BFO-aeu-1, mpt, 202
pf,293,"CRT","FALSE",'proper-occurrent-part-of',sk9,sk9,,,<--,353, BFO-okr-1, mpt, 206
pf,292,"CRT","FALSE",'proper-temporal-part-of',sk9,sk9,,,<--,675, BFO-aeu-1, mpt, 206
pf,291,"CRT","FALSE",'instance-of',sk3,continuant,sk14,,<--,798, BFO-wrf-1, mpt, 210
pf,290,"CRT","FALSE",particular,'three-dimensional-spatial-region',,,,<--,786, BFO-qkp-1, mpt, 212
pf,289,"CRT","FALSE",universal,sk15,,,,<--,786, BFO-qkp-1, mpt, 213
pf,288,"CRT","FALSE",'happens-to',sk14,sk15,sk14,,<--,43, BFOCE-cha-02, mpt, 214
pf,287,"CRT","FALSE",'individuates-at',sk15,sk14,,,<--,63, BFOCE-ind-02, mpt, 214
pf,286,"CRT","FALSE",'ceases-to-exist-at',sk15,sk14,,,<--,79, BFOCE-ter-02, mpt, 214
pf,285,"CRT","FALSE",'generically-depends-on',sk14,sk15,sk14,,<--,289, BFO-ekp-1, mpt, 214
pf,284,"CRT","FALSE",'occupies-spatial-region',sk15,sk15,sk14,,<--,488, BFO-lzw-1, mpt, 214
pf,283,"CRT","FALSE",'located-in',sk15,sk15,sk14,,<--,495, BFO-bge-1, mpt, 214
pf,282,"CRT","FALSE",'located-in',sk14,sk15,sk14,,<--,497, BFO-bge-1, mpt, 214
pf,281,"CRT","FALSE",'instance-of',sk15,site,sk14,,<--,854, BFO-twc-1, mpt, 214
pf,280,"CRT","FALSE",'instance-of',sk15,'continuant-fiat-boundary',sk14,,<--,856, BFO-twc-1, mpt, 214
pf,279,"CRT","FALSE",'instance-of',sk15,occurrent,sk14,,<--,798, BFO-wrf-1, mpt, 217
pf,278,"CRT","FALSE",'instance-of',sk13,occurrent,sk14,,<--,798, BFO-wrf-1, mpt, 218
pf,277,"CRT","FALSE",universal,sk14,,,,<--,786, BFO-qkp-1, mpt, 220
pf,276,"CRT","FALSE",particular,'immaterial-entity',,,,<--,786, BFO-qkp-1, mpt, 221
pf,275,"CRT","FALSE",'generically-depends-on',sk13,sk13,sk13,,<--,327, BFO-ilw-1, mpt, 222
pf,274,"CRT","FALSE",'instance-of',sk13,'specifically-dependent-continuant',sk14,,<--,857, BFO-cig-1, mpt, 222
pf,273,"CRT","FALSE",'instance-of',sk13,'generically-dependent-continuant',sk14,,<--,859, BFO-cig-1, mpt, 222
pf,272,"CRT","FALSE",precedes,sk14,sk14,,,<--,418, BFO-aou-1, mpt, 223, 223
pf,271,"CRT","FALSE",'instance-of',sk14,continuant,sk14,,<--,798, BFO-wrf-1, mpt, 224
pf,270,"CRT","FALSE",'instance-of',t,process,sk5,,<--,862, BFO-mem-1, mpt, 227
pf,269,"CRT","FALSE",'instance-of',t,'spatiotemporal-region',sk5,,<--,864, BFO-mem-1, mpt, 227
pf,268,"CRT","FALSE",'instance-of',t,'process-boundary',sk5,,<--,865, BFO-mem-1, mpt, 227
pf,267,"CRT","FALSE",'instance-of',t,continuant,sk5,,<--,798, BFO-wrf-1, mpt, 229
pf,266,"CRT","FALSE",'proper-occurrent-part-of',sk14,sk14,,,<--,353, BFO-okr-1, mpt, 237
pf,265,"CRT","FALSE",'proper-temporal-part-of',sk14,sk14,,,<--,675, BFO-aeu-1, mpt, 237
pf,264,"CRT","FALSE",'proper-continuant-part-of',sk13,sk13,sk14,,<--,197, BFO-sls-1, mpt, 240
pf,263,"CRT","FALSE",'specifically-depends-on',sk13,sk13,,,<--,627, BFO-nfe-1, mpt, 240, 240
pf,262,"CRT","FALSE",particular,'independent-continuant',,,,<--,786, BFO-qkp-1, mpt, 241
pf,261,"CRT","FALSE",'instance-of',sk15,'fiat-object-part',sk14,,<--,320, BFO-yir-1, mpt, 244
pf,260,"CRT","FALSE",'instance-of',sk13,'material-entity',sk14,,<--,325, BFO-udu-1, mpt, 244, 174
pf,259,"CRT","FALSE",'generically-depends-on',sk15,sk15,sk15,,<--,327, BFO-ilw-1, mpt, 248
pf,258,"CRT","FALSE",'instance-of',sk15,'specifically-dependent-continuant',sk14,,<--,857, BFO-cig-1, mpt, 248
pf,257,"CRT","FALSE",'instance-of',sk15,'generically-dependent-continuant',sk14,,<--,859, BFO-cig-1, mpt, 248
pf,256,"CRT","FALSE",'proper-continuant-part-of',sk15,sk15,sk14,,<--,197, BFO-sls-1, mpt, 252
pf,255,"CRT","FALSE",'instance-of',sk15,'material-entity',sk14,,<--,325, BFO-udu-1, mpt, 244, 252
pf,254,"CRT","FALSE",'specifically-depends-on',sk15,sk15,,,<--,627, BFO-nfe-1, mpt, 252, 252
pf,253,"CRT","TRUE",'has-continuant-part',sk15,sk15,sk14,,<--,187, BFO-eld-1, mpp, 252
pf,252,"CRT","TRUE",'continuant-part-of',sk15,sk15,sk14,,<--,189, BFO-mcd-1, mpp, 248
pf,251,"CRT","TRUE",overlaps,sk13,sk15,sk14,,<--,3, BFOCE-aux-01, mpp, 174, 240
pf,250,"CRT","TRUE",overlaps,sk13,sk13,sk14,,<--,3, BFOCE-aux-01, mpp, 240, 240
pf,249,"CRT","TRUE",'has-continuant-part',sk13,sk13,sk14,,<--,187, BFO-eld-1, mpp, 240
pf,248,"CRT","TRUE",'instance-of',sk15,'independent-continuant',sk14,,<--,324, BFO-udu-1, mpp, 244
pf,247,"CRT","TRUE",'has-temporal-part',sk11,sk11,,,<--,662, BFO-boo-1, mpp, 198
pf,246,"CRT","TRUE",entity,sk11,,,,<--,824, BFO-vgn-1, mpp, 199
pf,245,"CRT","TRUE",'has-occurrent-part',sk11,sk11,,,<--,346, BFO-yvi-1, mpp, 200
pf,244,"CRT","TRUE",'instance-of',sk15,'immaterial-entity',sk14,,<--,802, BFO-bre-1, mpp, 214
pf,243,"CRT","TRUE",entity,sk15,,,,<--,823, BFO-vgn-1, mpp, 217
pf,242,"CRT","TRUE",entity,sk13,,,,<--,823, BFO-vgn-1, mpp, 218
pf,241,"CRT","TRUE",universal,'independent-continuant',,,,<--,776, BFO-ufw-1, ont, 222
pf,240,"CRT","TRUE",'continuant-part-of',sk13,sk13,sk14,,<--,189, BFO-mcd-1, mpp, 222
pf,239,"CRT","TRUE",'has-temporal-part',sk14,sk14,,,<--,662, BFO-boo-1, mpp, 223
pf,238,"CRT","TRUE",entity,sk14,,,,<--,824, BFO-vgn-1, mpp, 224
pf,237,"CRT","TRUE",identical,sk14,sk14,,,<--,351, BFO-xlu-1, mpp, 226, 226
pf,236,"CRT","TRUE",'has-occurrent-part',sk14,sk14,,,<--,346, BFO-yvi-1, mpp, 226
pf,235,"CRT","TRUE",'has-occurrent-part',t,sk5,,,<--,346, BFO-yvi-1, mpp, 231
pf,234,"CRT","TRUE",'has-temporal-part',sk7,sk7,,,<--,662, BFO-boo-1, mpp, 146
pf,233,"CRT","TRUE",entity,sk7,,,,<--,824, BFO-vgn-1, mpp, 147
pf,232,"CRT","TRUE",'has-occurrent-part',sk7,sk7,,,<--,346, BFO-yvi-1, mpp, 148
pf,231,"CRT","TRUE",'occurrent-part-of',sk5,t,,,<--,664, BFO-bal-1, mpp, 160
pf,230,"CRT","TRUE",'has-temporal-part',t,sk5,,,<--,662, BFO-boo-1, mpp, 160
pf,229,"CRT","TRUE",'instance-of',t,occurrent,sk5,,<--,849, BFO-ayr-1, mpp, 48, 168, 166
pf,228,"CRT","TRUE",'exists-at',t,sk5,,,<--,270, BFO-bee-1, mpp, 119, 36, 166
pf,227,"CRT","TRUE",'instance-of',t,'temporal-region',sk5,,<--,818, BFO-fpd-1, mpp, 166
pf,226,"CRT","TRUE",'occurrent-part-of',sk14,sk14,,,<--,369, BFO-cmy-2, mpp, 223, 169, 169
pf,225,"CRT","TRUE",'exists-at',sk14,sk14,,,<--,270, BFO-bee-1, mpp, 63, 169, 169
pf,224,"CRT","TRUE",'instance-of',sk14,occurrent,sk14,,<--,793, BFO-ejl-1, mpp, 169
pf,223,"CRT","TRUE",'temporal-part-of',sk14,sk14,,,<--,665, BFO-dbj-2, mpp, 169
pf,222,"CRT","TRUE",'instance-of',sk13,'independent-continuant',sk14,,<--,324, BFO-udu-1, mpp, 172
pf,221,"CRT","TRUE",universal,'immaterial-entity',,,,<--,771, BFO-zcc-1, ont, 172
pf,220,"CRT","TRUE",particular,sk14,,,,<--,256, BFO-oap-1, mpp, 173
pf,219,"CRT","TRUE",overlaps,sk15,sk15,sk14,,<--,3, BFOCE-aux-01, mpp, 174, 174
pf,218,"CRT","TRUE",'instance-of',sk13,continuant,sk14,,<--,212, BFO-bdd-1, mpp, 174
pf,217,"CRT","TRUE",'instance-of',sk15,continuant,sk14,,<--,211, BFO-bdd-1, mpp, 174
pf,216,"CRT","TRUE",'has-continuant-part',sk15,sk13,sk14,,<--,187, BFO-eld-1, mpp, 174
pf,215,"CRT","TRUE",'exists-at',sk15,sk14,,,<--,270, BFO-bee-1, mpp, 212, 169, 175
pf,214,"CRT","TRUE",'instance-of',sk15,'spatial-region',sk14,,<--,819, BFO-apt-1, mpp, 175
pf,213,"CRT","TRUE",particular,sk15,,,,<--,260, BFO-lqn-1, mpp, 175
pf,212,"CRT","TRUE",universal,'three-dimensional-spatial-region',,,,<--,783, BFO-qov-1, ont, 175
pf,211,"CRT","TRUE",'exists-at',sk3,sk14,,,<--,270, BFO-bee-1, mpp, 112, 169, 176
pf,210,"CRT","TRUE",'instance-of',sk3,occurrent,sk14,,<--,799, BFO-les-1, mpp, 176
pf,209,"CRT","TRUE",'has-temporal-part',sk3,sk3,,,<--,662, BFO-boo-1, mpp, 179
pf,208,"CRT","TRUE",'has-temporal-part',sk9,sk9,,,<--,662, BFO-boo-1, mpp, 181
pf,207,"CRT","TRUE",entity,sk9,,,,<--,824, BFO-vgn-1, mpp, 182
pf,206,"CRT","TRUE",identical,sk9,sk9,,,<--,351, BFO-xlu-1, mpp, 184, 184
pf,205,"CRT","TRUE",'has-occurrent-part',sk9,sk9,,,<--,346, BFO-yvi-1, mpp, 184
pf,204,"CRT","TRUE",'has-temporal-part',sk8,sk8,,,<--,662, BFO-boo-1, mpp, 186
pf,203,"CRT","TRUE",entity,sk8,,,,<--,824, BFO-vgn-1, mpp, 187
pf,202,"CRT","TRUE",identical,sk8,sk8,,,<--,351, BFO-xlu-1, mpp, 189, 189
pf,201,"CRT","TRUE",'has-occurrent-part',sk8,sk8,,,<--,346, BFO-yvi-1, mpp, 189
pf,200,"CRT","TRUE",'occurrent-part-of',sk11,sk11,,,<--,369, BFO-cmy-2, mpp, 198, 190, 190
pf,199,"CRT","TRUE",'instance-of',sk11,occurrent,sk11,,<--,793, BFO-ejl-1, mpp, 190
pf,198,"CRT","TRUE",'temporal-part-of',sk11,sk11,,,<--,665, BFO-dbj-2, mpp, 190
pf,197,"CRT","TRUE",'first-instant-of',sk11,sk11,,,<--,660, BFO-bon-1, mpp, 192
pf,196,"CRT","TRUE",'last-instant-of',sk11,sk11,,,<--,658, BFO-wal-1, mpp, 193
pf,195,"CRT","TRUE",'exists-at',sk11,sk11,,,<--,270, BFO-bee-1, mpp, 71, 190, 97
pf,194,"CRT","TRUE",'instance-of',sk11,'zero-dimensional-temporal-region',sk11,,<--,821, BFO-bjp-1, mpp, 97
pf,193,"CRT","TRUE",'has-last-instant',sk11,sk11,,,<--,680, BFO-nfo-1, mpp, 97
pf,192,"CRT","TRUE",'has-first-instant',sk11,sk11,,,<--,679, BFO-nfo-1, mpp, 97
pf,191,"CRT","TRUE",particular,sk11,,,,<--,260, BFO-lqn-1, mpp, 97
pf,190,"CRT","TRUE",'instance-of',sk11,'temporal-region',sk11,,<--,258, BFO-lqn-1, mpp, 97
pf,189,"CRT","TRUE",'occurrent-part-of',sk8,sk8,,,<--,369, BFO-cmy-2, mpp, 186, 99, 99
pf,188,"CRT","TRUE",'exists-at',sk8,sk8,,,<--,270, BFO-bee-1, mpp, 63, 99, 99
pf,187,"CRT","TRUE",'instance-of',sk8,occurrent,sk8,,<--,793, BFO-ejl-1, mpp, 99
pf,186,"CRT","TRUE",'temporal-part-of',sk8,sk8,,,<--,665, BFO-dbj-2, mpp, 99
pf,185,"CRT","TRUE",particular,sk8,,,,<--,256, BFO-oap-1, mpp, 100
pf,184,"CRT","TRUE",'occurrent-part-of',sk9,sk9,,,<--,369, BFO-cmy-2, mpp, 181, 111, 111
pf,183,"CRT","TRUE",'exists-at',sk9,sk9,,,<--,270, BFO-bee-1, mpp, 63, 111, 111
pf,182,"CRT","TRUE",'instance-of',sk9,occurrent,sk9,,<--,793, BFO-ejl-1, mpp, 111
pf,181,"CRT","TRUE",'temporal-part-of',sk9,sk9,,,<--,665, BFO-dbj-2, mpp, 111
pf,180,"CRT","TRUE",entity,sk3,,,,<--,824, BFO-vgn-1, mpp, 114
pf,179,"CRT","TRUE",'temporal-part-of',sk3,sk3,,,<--,669, BFO-bvr-1, mpp, 114
pf,178,"CRT","TRUE",particular,sk9,,,,<--,256, BFO-oap-1, mpp, 115
pf,177,"CRT","TRUE",identical,sk13,sk13,,,<--,514, BFO-fdb-1, mpp, 116, 116
pf,176,"CRT","TRUE",'instance-of',sk3,'spatiotemporal-region',sk14,,<--,536, BFO-blj-1, mpp, 116
pf,175,"CRT","TRUE",'instance-of',sk15,'three-dimensional-spatial-region',sk14,,<--,471, BFO-xcx-1, mpp, 117
pf,174,"CRT","TRUE",'continuant-part-of',sk13,sk15,sk14,,<--,470, BFO-xcx-1, mpp, 117
pf,173,"CRT","TRUE",'exists-at',sk13,sk14,,,<--,270, BFO-bee-1, mpp, 170, 169, 117
pf,172,"CRT","TRUE",'instance-of',sk13,'immaterial-entity',sk14,,<--,802, BFO-bre-1, mpp, 117
pf,171,"CRT","TRUE",particular,sk13,,,,<--,260, BFO-lqn-1, mpp, 117
pf,170,"CRT","TRUE",universal,'spatial-region',,,,<--,764, BFO-rej-1, ont, 117
pf,169,"CRT","TRUE",'instance-of',sk14,'temporal-region',sk14,,<--,258, BFO-lqn-1, mpp, 117
pf,168,"CRT","TRUE",'instance-of',t,'one-dimensional-temporal-region',sk8,,<--,850, BFO-ayr-1, mpp, 48, 48, 120
pf,167,"CRT","TRUE",'instance-of',t,'one-dimensional-temporal-region',t1,,<--,254, BFO-qaf-1, mpp, 61, 120
pf,166,"CRT","TRUE",'instance-of',t,'one-dimensional-temporal-region',sk5,,<--,254, BFO-qaf-1, mpp, 160, 120
pf,165,"CRT","TRUE",'instance-of',t,'one-dimensional-temporal-region',sk4,,<--,254, BFO-qaf-1, mpp, 28, 120
pf,164,"CRT","TRUE",'has-temporal-part',sk4,sk4,,,<--,662, BFO-boo-1, mpp, 121
pf,163,"CRT","TRUE",entity,sk4,,,,<--,824, BFO-vgn-1, mpp, 122
pf,162,"CRT","TRUE",identical,sk4,sk4,,,<--,351, BFO-xlu-1, mpp, 123, 123
pf,161,"CRT","TRUE",'has-occurrent-part',sk4,sk4,,,<--,346, BFO-yvi-1, mpp, 123
pf,160,"CRT","TRUE",'temporal-part-of',sk5,t,,,<--,29, BFOCE-ett-02, mpp, 4, 125
pf,159,"CRT","TRUE",'has-occurrent-part',sk1,sk1,,,<--,346, BFO-yvi-1, mpp, 126
pf,158,"CRT","TRUE",identical,sk1,sk1,,,<--,670, BFO-zdq-1, mpp, 127, 127
pf,157,"CRT","TRUE",'has-temporal-part',sk1,sk1,,,<--,662, BFO-boo-1, mpp, 127
pf,156,"CRT","TRUE",'has-temporal-part',sk5,sk5,,,<--,662, BFO-boo-1, mpp, 129
pf,155,"CRT","TRUE",entity,sk5,,,,<--,824, BFO-vgn-1, mpp, 130
pf,154,"CRT","TRUE",identical,sk5,sk5,,,<--,351, BFO-xlu-1, mpp, 132, 132
pf,153,"CRT","TRUE",'has-occurrent-part',sk5,sk5,,,<--,346, BFO-yvi-1, mpp, 132
pf,152,"CRT","TRUE",'has-temporal-part',sk6,sk6,,,<--,662, BFO-boo-1, mpp, 134
pf,151,"CRT","TRUE",entity,sk6,,,,<--,824, BFO-vgn-1, mpp, 135
pf,150,"CRT","TRUE",identical,sk6,sk6,,,<--,351, BFO-xlu-1, mpp, 137, 137
pf,149,"CRT","TRUE",'has-occurrent-part',sk6,sk6,,,<--,346, BFO-yvi-1, mpp, 137
pf,148,"CRT","TRUE",'occurrent-part-of',sk7,sk7,,,<--,369, BFO-cmy-2, mpp, 146, 138, 138
pf,147,"CRT","TRUE",'instance-of',sk7,occurrent,sk7,,<--,793, BFO-ejl-1, mpp, 138
pf,146,"CRT","TRUE",'temporal-part-of',sk7,sk7,,,<--,665, BFO-dbj-2, mpp, 138
pf,145,"CRT","TRUE",'first-instant-of',sk7,sk7,,,<--,660, BFO-bon-1, mpp, 140
pf,144,"CRT","TRUE",'last-instant-of',sk7,sk7,,,<--,658, BFO-wal-1, mpp, 141
pf,143,"CRT","TRUE",'exists-at',sk7,sk7,,,<--,270, BFO-bee-1, mpp, 71, 138, 33
pf,142,"CRT","TRUE",'instance-of',sk7,'zero-dimensional-temporal-region',sk7,,<--,821, BFO-bjp-1, mpp, 33
pf,141,"CRT","TRUE",'has-last-instant',sk7,sk7,,,<--,680, BFO-nfo-1, mpp, 33
pf,140,"CRT","TRUE",'has-first-instant',sk7,sk7,,,<--,679, BFO-nfo-1, mpp, 33
pf,139,"CRT","TRUE",particular,sk7,,,,<--,260, BFO-lqn-1, mpp, 33
pf,138,"CRT","TRUE",'instance-of',sk7,'temporal-region',sk7,,<--,258, BFO-lqn-1, mpp, 33
pf,137,"CRT","TRUE",'occurrent-part-of',sk6,sk6,,,<--,369, BFO-cmy-2, mpp, 134, 34, 34
pf,136,"CRT","TRUE",'exists-at',sk6,sk6,,,<--,270, BFO-bee-1, mpp, 63, 34, 34
pf,135,"CRT","TRUE",'instance-of',sk6,occurrent,sk6,,<--,793, BFO-ejl-1, mpp, 34
pf,134,"CRT","TRUE",'temporal-part-of',sk6,sk6,,,<--,665, BFO-dbj-2, mpp, 34
pf,133,"CRT","TRUE",particular,sk6,,,,<--,260, BFO-lqn-1, mpp, 34
pf,132,"CRT","TRUE",'occurrent-part-of',sk5,sk5,,,<--,369, BFO-cmy-2, mpp, 129, 36, 36
pf,131,"CRT","TRUE",'exists-at',sk5,sk5,,,<--,270, BFO-bee-1, mpp, 63, 36, 36
pf,130,"CRT","TRUE",'instance-of',sk5,occurrent,sk5,,<--,793, BFO-ejl-1, mpp, 36
pf,129,"CRT","TRUE",'temporal-part-of',sk5,sk5,,,<--,665, BFO-dbj-2, mpp, 36
pf,128,"CRT","TRUE",entity,sk1,,,,<--,824, BFO-vgn-1, mpp, 39
pf,127,"CRT","TRUE",'temporal-part-of',sk1,sk1,,,<--,669, BFO-bvr-1, mpp, 39
pf,126,"CRT","TRUE",'occurrent-part-of',sk1,sk1,,,<--,350, BFO-hbj-1, mpp, 39
pf,125,"CRT","TRUE",'exists-at',p,sk5,,,<--,356, BFO-ybr-1, mpp, 25, 40
pf,124,"CRT","TRUE",particular,sk5,,,,<--,256, BFO-oap-1, mpp, 40
pf,123,"CRT","TRUE",'occurrent-part-of',sk4,sk4,,,<--,369, BFO-cmy-2, mpp, 121, 41, 41
pf,122,"CRT","TRUE",'instance-of',sk4,occurrent,sk4,,<--,793, BFO-ejl-1, mpp, 41
pf,121,"CRT","TRUE",'temporal-part-of',sk4,sk4,,,<--,665, BFO-dbj-2, mpp, 41
pf,120,"CRT","TRUE",'instance-of',t,'one-dimensional-temporal-region',t,,<--,698, BFO-mei-2, mpp, 28, 44
pf,119,"CRT","TRUE",universal,'one-dimensional-temporal-region',,,,<--,780, BFO-qar-1, ont, 44
pf,118,"CRT","TRUE",'has-occurrent-part',t,sk4,,,<--,346, BFO-yvi-1, mpp, 47
pf,117,"CRT","TRUE",'instance-of',sk13,'spatial-region',sk14,,<--,540, BFO-geq-1, mpp, 50
pf,116,"CRT","TRUE",'spatially-projects-onto',sk3,sk13,sk14,,<--,539, BFO-geq-1, mpp, 50
pf,115,"CRT","TRUE",'exists-at',sk3,sk9,,,<--,270, BFO-bee-1, mpp, 112, 111, 50
pf,114,"CRT","TRUE",'instance-of',sk3,occurrent,sk9,,<--,799, BFO-les-1, mpp, 50
pf,113,"CRT","TRUE",particular,sk3,,,,<--,260, BFO-lqn-1, mpp, 50
pf,112,"CRT","TRUE",universal,'spatiotemporal-region',,,,<--,775, BFO-mdh-1, ont, 50
pf,111,"CRT","TRUE",'instance-of',sk9,'temporal-region',sk9,,<--,258, BFO-lqn-1, mpp, 50
pf,110,"CRT","TRUE",'has-participant',p,sk2,sk4,,<--,441, BFO-xjr-1, mpp, 52
pf,109,"CRT","TRUE",'has-temporal-part',t,t,,,<--,662, BFO-boo-1, mpp, 55
pf,108,"CRT","TRUE",'has-occurrent-part',p,p,,,<--,346, BFO-yvi-1, mpp, 57
pf,107,"CRT","TRUE",'has-temporal-part',p,p,,,<--,662, BFO-boo-1, mpp, 58
pf,106,"CRT","TRUE",'has-temporal-part',t,t1,,,<--,662, BFO-boo-1, mpp, 61
pf,105,"CRT","TRUE",entity,t,,,,<--,824, BFO-vgn-1, mpp, 64
pf,104,"CRT","TRUE",'exists-at',t,sk4,,,<--,270, BFO-bee-1, mpp, 63, 41, 65
pf,103,"CRT","TRUE",'instance-of',t,occurrent,sk4,,<--,793, BFO-ejl-1, mpp, 65
pf,102,"CRT","TRUE",'instance-of',t,occurrent,t1,,<--,793, BFO-ejl-1, mpp, 66
pf,101,"CRT","TRUE",'has-occurrent-part',t,t,,,<--,346, BFO-yvi-1, mpp, 68
pf,100,"CRT","TRUE",'exists-at',t,sk8,,,<--,270, BFO-bee-1, mpp, 63, 99, 69
pf,99,"CRT","TRUE",'instance-of',sk8,'temporal-region',sk8,,<--,258, BFO-lqn-1, mpp, 69
pf,98,"CRT","TRUE",identical,sk11,sk11,,,<--,673, BFO-fwf-1, mpp, 70, 70
pf,97,"CRT","TRUE",'instance-of',sk11,'temporal-instant',sk11,,<--,690, BFO-fwk-2, mpp, 70
pf,96,"CRT","TRUE",'first-instant-of',sk11,t,,,<--,660, BFO-bon-1, mpp, 70
pf,95,"CRT","TRUE",'first-instant-of',t1,t1,,,<--,660, BFO-bon-1, mpp, 73
pf,94,"CRT","TRUE",'last-instant-of',t1,t1,,,<--,658, BFO-wal-1, mpp, 74
pf,93,"CRT","TRUE",universal,'zero-dimensional-temporal-region',,,,<--,784, BFO-bau-1, ont, 75
pf,92,"CRT","TRUE",'exists-at',t,t1,,,<--,356, BFO-ybr-1, mpp, 84, 76
pf,91,"CRT","TRUE",'exists-at',p,sk4,,,<--,270, BFO-bee-1, mpp, 22, 41, 79
pf,90,"CRT","TRUE",'has-occurrent-part',sk3,sk3,,,<--,346, BFO-yvi-1, mpp, 80
pf,89,"CRT","TRUE",'has-temporal-part',t1,t1,,,<--,662, BFO-boo-1, mpp, 81
pf,88,"CRT","TRUE",entity,t1,,,,<--,824, BFO-vgn-1, mpp, 82
pf,87,"CRT","TRUE",'has-occurrent-part',t1,t1,,,<--,346, BFO-yvi-1, mpp, 83
pf,86,"CRT","TRUE",'has-occurrent-part',t,t1,,,<--,346, BFO-yvi-1, mpp, 84
pf,85,"CRT","TRUE",'temporally-projects-onto',sk12,t1,,,<--,532, BFO-xco-2, mpp, 11
pf,84,"CRT","TRUE",'occurrent-part-of',t1,t,,,<--,369, BFO-cmy-2, mpp, 61, 19, 11
pf,83,"CRT","TRUE",'occurrent-part-of',t1,t1,,,<--,369, BFO-cmy-2, mpp, 81, 11, 11
pf,82,"CRT","TRUE",'instance-of',t1,occurrent,t1,,<--,793, BFO-ejl-1, mpp, 11
pf,81,"CRT","TRUE",'temporal-part-of',t1,t1,,,<--,665, BFO-dbj-2, mpp, 11
pf,80,"CRT","TRUE",'occurrent-part-of',sk3,sk3,,,<--,553, BFO-iqe-1, mpp, 57, 27, 27, 79, 12
pf,79,"CRT","TRUE",'instance-of',p,process,sk4,,<--,850, BFO-ayr-1, mpp, 60, 60, 12
pf,78,"CRT","TRUE",'exists-at',p,t1,,,<--,270, BFO-bee-1, mpp, 22, 11, 12
pf,77,"CRT","TRUE",'instance-of',p,occurrent,t1,,<--,788, BFO-lso-1, mpp, 12
pf,76,"CRT","TRUE",'exists-at',t1,t1,,,<--,270, BFO-bee-1, mpp, 71, 11, 18
pf,75,"CRT","TRUE",'instance-of',t1,'zero-dimensional-temporal-region',t1,,<--,821, BFO-bjp-1, mpp, 18
pf,74,"CRT","TRUE",'has-last-instant',t1,t1,,,<--,680, BFO-nfo-1, mpp, 18
pf,73,"CRT","TRUE",'has-first-instant',t1,t1,,,<--,679, BFO-nfo-1, mpp, 18
pf,72,"CRT","TRUE",particular,t1,,,,<--,260, BFO-lqn-1, mpp, 18
pf,71,"CRT","TRUE",universal,'temporal-instant',,,,<--,770, BFO-bjs-1, ont, 18
pf,70,"CRT","TRUE",'has-first-instant',t,sk11,,,<--,693, BFO-daf-1, mpp, 19
pf,69,"CRT","TRUE",'instance-of',t,'temporal-region',sk8,,<--,850, BFO-ayr-1, mpp, 48, 48, 19
pf,68,"CRT","TRUE",'occurrent-part-of',t,t,,,<--,369, BFO-cmy-2, mpp, 55, 19, 19
pf,67,"CRT","TRUE",'exists-at',t,t,,,<--,270, BFO-bee-1, mpp, 63, 19, 19
pf,66,"CRT","TRUE",'instance-of',t,'temporal-region',t1,,<--,254, BFO-qaf-1, mpp, 61, 19
pf,65,"CRT","TRUE",'instance-of',t,'temporal-region',sk4,,<--,254, BFO-qaf-1, mpp, 28, 19
pf,64,"CRT","TRUE",'instance-of',t,occurrent,t,,<--,793, BFO-ejl-1, mpp, 19
pf,63,"CRT","TRUE",universal,'temporal-region',,,,<--,766, BFO-toj-1, ont, 19
pf,62,"CRT","TRUE",'temporally-projects-onto',sk10,t,,,<--,522, BFO-cur-1, mpp, 21
pf,61,"CRT","TRUE",'temporal-part-of',t1,t,,,<--,445, BFO-kxe-1, mpp, 9, 21
pf,60,"CRT","TRUE",'instance-of',p,occurrent,sk4,,<--,254, BFO-qaf-1, mpp, 28, 23
pf,59,"CRT","TRUE",entity,p,,,,<--,824, BFO-vgn-1, mpp, 23
pf,58,"CRT","TRUE",'temporal-part-of',p,p,,,<--,669, BFO-bvr-1, mpp, 23
pf,57,"CRT","TRUE",'occurrent-part-of',p,p,,,<--,350, BFO-hbj-1, mpp, 23
pf,56,"CRT","TRUE",universal,occurrent,,,,<--,759, BFO-lkt-1, ont, 23
pf,55,"CRT","TRUE",'temporal-part-of',t,t,,,<--,29, BFOCE-ett-02, mpp, 4, 24
pf,54,"CRT","TRUE",particular,t,,,,<--,256, BFO-oap-1, mpp, 24
pf,53,"CRT","TRUE",'has-occurrent-part',p,sk1,,,<--,346, BFO-yvi-1, mpp, 25
pf,52,"CRT","TRUE",'participates-in',sk2,p,sk4,,<--,444, BFO-yjm-1, mpp, 28, 26
pf,51,"CRT","TRUE",'has-participant',p,sk2,t,,<--,441, BFO-xjr-1, mpp, 26
pf,50,"CRT","TRUE",'instance-of',sk3,'spatiotemporal-region',sk9,,<--,544, BFO-vvo-1, mpp, 27
pf,49,"CRT","TRUE",identical,sk3,sk3,,,<--,515, BFO-uqt-1, mpp, 27, 27
pf,48,"CRT","TRUE",'instance-of',t,occurrent,sk8,,<--,696, BFO-ruj-1, mpp, 28
pf,47,"CRT","TRUE",'occurrent-part-of',sk4,t,,,<--,664, BFO-bal-1, mpp, 28
pf,46,"CRT","TRUE",'has-temporal-part',t,sk4,,,<--,662, BFO-boo-1, mpp, 28
pf,45,"CRT","TRUE",'exists-at',sk4,sk4,,,<--,270, BFO-bee-1, mpp, 42, 41, 29
pf,44,"CRT","TRUE",'instance-of',sk4,'one-dimensional-temporal-region',sk4,,<--,822, BFO-fye-1, mpp, 29
pf,43,"CRT","TRUE",particular,sk4,,,,<--,260, BFO-lqn-1, mpp, 29
pf,42,"CRT","TRUE",universal,'temporal-interval',,,,<--,773, BFO-kuz-1, ont, 29
pf,41,"CRT","TRUE",'instance-of',sk4,'temporal-region',sk4,,<--,258, BFO-lqn-1, mpp, 29
pf,40,"CRT","TRUE",'exists-at',sk1,sk5,,,<--,270, BFO-bee-1, mpp, 37, 36, 30
pf,39,"CRT","TRUE",'instance-of',sk1,occurrent,sk5,,<--,795, BFO-xot-1, mpp, 30
pf,38,"CRT","TRUE",particular,sk1,,,,<--,260, BFO-lqn-1, mpp, 30
pf,37,"CRT","TRUE",universal,'process-boundary',,,,<--,769, BFO-zqv-1, ont, 30
pf,36,"CRT","TRUE",'instance-of',sk5,'temporal-region',sk5,,<--,258, BFO-lqn-1, mpp, 30
pf,35,"CRT","TRUE",identical,sk7,sk7,,,<--,673, BFO-fwf-1, mpp, 31, 31
pf,34,"CRT","TRUE",'instance-of',sk6,'temporal-region',sk6,,<--,691, BFO-fwk-2, mpp, 31
pf,33,"CRT","TRUE",'instance-of',sk7,'temporal-instant',sk7,,<--,690, BFO-fwk-2, mpp, 31
pf,32,"CRT","TRUE",'first-instant-of',sk7,sk6,,,<--,660, BFO-bon-1, mpp, 31
pf,31,"CRT","TRUE",'has-first-instant',sk6,sk7,,,<--,387, BFO-qsp-1, mpp, 1
pf,30,"CRT","TRUE",'instance-of',sk1,'process-boundary',sk5,,<--,367, BFO-aff-1, mpp, 1
pf,29,"CRT","TRUE",'instance-of',sk4,'temporal-interval',sk4,,<--,547, BFO-fzy-1, mpp, 21, 1
pf,28,"CRT","TRUE",'temporal-part-of',sk4,t,,,<--,546, BFO-fzy-1, mpp, 21, 1
pf,27,"CRT","TRUE",'occupies-spatiotemporal-region',p,sk3,,,<--,528, BFO-qyy-1, mpp, 1
pf,26,"CRT","TRUE",'participates-in',sk2,p,t,,<--,443, BFO-trl-1, mpp, 1
pf,25,"CRT","TRUE",'occurrent-part-of',sk1,p,,,<--,366, BFO-aff-1, mpp, 1
pf,24,"CRT","TRUE",'exists-at',p,t,,,<--,270, BFO-bee-1, mpp, 22, 19, 1
pf,23,"CRT","TRUE",'instance-of',p,occurrent,t,,<--,788, BFO-lso-1, mpp, 1
pf,22,"CRT","TRUE",universal,process,,,,<--,755, BFO-bsm-1, ont, 1
pf,21,"CRT","TRUE",'occupies-temporal-region',p,t,,,<--,31, BFOCE-ett-03, mpp, 1, 4
pf,20,"CRT","TRUE",particular,p,,,,<--,26, BFOCE-ett-01, mpp, 4
pf,19,"CRT","TRUE",'instance-of',t,'temporal-region',t,,<--,688, BFO-jtk-2, mpp, 5
pf,18,"CRT","TRUE",'instance-of',t1,'temporal-instant',t1,,<--,687, BFO-jtk-2, mpp, 5
pf,17,"CRT","TRUE",'last-instant-of',t1,t,,,<--,658, BFO-wal-1, mpp, 5
pf,16,"CRT","TRUE",'exists-at',c,t1,,,<--,270, BFO-bee-1, mpp, 13, 11, 7
pf,15,"CRT","TRUE",entity,c,,,,<--,823, BFO-vgn-1, mpp, 7
pf,14,"CRT","TRUE",particular,c,,,,<--,260, BFO-lqn-1, mpp, 7
pf,13,"CRT","TRUE",universal,continuant,,,,<--,760, BFO-axs-1, ont, 7
pf,12,"CRT","TRUE",'instance-of',p,process,t1,,<--,449, BFO-ild-1, mpp, 9
pf,11,"CRT","TRUE",'instance-of',t1,'temporal-region',t1,,<--,448, BFO-ild-1, mpp, 9
pf,10,"CRT","TRUE",'has-participant',p,c,t1,,<--,441, BFO-xjr-1, mpp, 9
pf,9,"CRT","TRUE",'participates-in',c,p,t1,,<--,0, unmarked, input
pf,8,"CRT","TRUE",identical,c,c,,,<--,0, identity, none, 7
pf,7,"CRT","TRUE",'instance-of',c,continuant,t1,,<--,0, unmarked, input
pf,6,"CRT","TRUE",identical,t1,t1,,,<--,0, identity, none, 5
pf,5,"CRT","TRUE",'has-last-instant',t,t1,,,<--,0, unmarked, input
pf,4,"CRT","TRUE",'exists-throughout',p,t,,,<--,0, unmarked, input
pf,3,"CRT","TRUE",identical,t,t,,,<--,0, identity, none, 1
pf,2,"CRT","TRUE",identical,p,p,,,<--,0, identity, none, 1
pf,1,"CRT","TRUE",'instance-of',p,process,t,,<--,0, unmarked, input

